datetime,account,return,total_turnover,turnover,total_cost,cost,value,cash,bench
2024-01-02,100000000.0,0.0,0.0,0.0,0.0,0.0,0.0,100000000.0,-0.013045371
2024-01-03,99952571.37201402,2.342858351767063e-16,94857255.97201502,0.9485725597201502,47428.627986007516,0.00047428627986007514,94857255.97201505,5095315.399998963,-0.0023771524
2024-01-04,99079492.43112232,-0.008550168458160588,115531063.20074144,0.20683617184574934,65896.24582066633,0.00018476380928634728,98415023.43709321,664468.9940290982,-0.009250283
2024-01-05,97662637.76621075,-0.01413211167128873,132281876.85007273,0.16906438697166368,82548.45936100726,0.00016806922534365174,97212021.20370263,450616.562508123,-0.005359888
2024-01-08,96454246.19182873,-0.012205957720047214,148603649.46587598,0.16712401988235312,98874.00634037447,0.0001671626668373226,96012406.44917208,441839.742656647,-0.0129314065
2024-01-09,96871776.67065035,0.004498391513272766,164948480.5786357,0.16945683324560976,115232.49000719856,0.00016959837760061126,96418990.30353175,452786.36711859866,0.0019598007
2024-01-10,96247167.71943209,-0.0062802156650807,181186719.2055951,0.1676261051984936,131465.7918742434,0.0001675751434004939,95820488.1740096,426679.54542248626,-0.004668176
2024-01-11,97201598.53640804,0.010115097601447414,200258870.2476797,0.19815804967561637,150584.47024322677,0.0001986414646996759,96700983.01555708,500615.520850962,0.0056574345
2024-01-12,96197663.10390754,-0.010139618537733387,218606392.25487784,0.18875741020170403,168932.77232664183,0.0001887654355452034,95713835.73270616,483827.37120137597,-0.0034894347
2024-01-15,96567255.29426065,0.0040362807249665076,237281331.01939172,0.1941308984225762,187621.35534665518,0.00019427273404580472,96074827.99508041,492427.29918024223,-0.0009895563
2024-01-16,97021083.44696906,0.004878981542119506,254613263.88982657,0.1794804337932234,204943.05879208382,0.00017937450321691111,96566436.70124666,454646.7457224028,0.0060836077
2024-01-17,94927950.0748374,-0.02139914299637148,271559524.9841268,0.17466575812424245,221908.39257916337,0.00017486234109468244,94452123.2773435,475826.7974938988,-0.021751761
2024-01-18,96851444.21705014,0.02040026417439494,284671453.608461,0.13812505815196996,234969.5094268866,0.00013758979138837787,96490302.08962604,361142.1274240932,0.014137149
2024-01-19,95774772.82808688,-0.010943604430747884,301380731.64026225,0.17252482053189303,251737.00433209748,0.00017312591506259714,95313964.44874862,460808.37933826074,-0.0015116334
2024-01-22,92881394.88111082,-0.030030499360198873,318585957.7036683,0.17964256719552824,268950.69717110775,0.00017973097017842454,92420866.6434032,460528.23770760885,-0.015560687
2024-01-23,95174186.92886488,0.024855126832555342,334386658.8322983,0.1701169663618322,284737.49957170925,0.00016996732683449448,94757242.94961488,416943.97924999986,0.00404799
2024-01-24,96432873.6932964,0.01340163348045613,351166017.94721156,0.17630157563052803,301540.30516125367,0.0001765479289263923,95985839.57037376,447034.12292264635,0.013979316
2024-01-25,98331544.79514496,0.01987019538451583,368615237.875597,0.1809468001947393,319009.2450888323,0.00018115129476633005,97862539.61376335,469005.1813816093,0.020081758
2024-01-26,96121183.52773693,-0.0222914280945087,387011355.1772101,0.1870825617551102,337419.95227392507,0.00018723093615022514,95641409.28658104,479774.2411558945,-0.0027222037
2024-01-29,93331904.20029902,-0.02887809606279645,399629203.0941452,0.13127020968581868,350902.5081281574,0.00014026622810300486,91136196.64040303,2195707.559895996,-0.008956671
2024-01-30,91572650.11739798,-0.01867318262770015,416918687.7708156,0.1852473152113727,367352.89890600485,0.00017625688577555811,91071580.74592583,501069.3714721445,-0.017833173
2024-01-31,89378650.34112367,-0.02381594587962591,430092721.0829095,0.14386427929304807,380463.395930444,0.0001431704445337253,89017764.0419856,360886.2991380752,-0.009149373
2024-02-01,90804577.09949745,0.016135474051768274,446293668.3443207,0.18126193671059534,396703.5309179327,0.00018170038287114852,90381555.48319176,423021.6163057005,0.0007339716
2024-02-02,88039256.46956152,-0.030275322924837766,462465288.520787,0.17809256639945065,412886.266113254,0.00017821497233106858,87610187.55074133,429068.91882018675,-0.011834502
2024-02-05,86279220.37437965,-0.019812518406629745,478215877.1906169,0.1789041536859807,428642.97198593715,0.0001789736363588081,85853673.75572556,425546.6186540893,0.0065385103
2024-02-06,92913393.12221193,0.07703755501844652,490820629.6638398,0.14609256340667925,441210.4106935973,0.00014566008655534848,92575041.47339131,338351.64882063004,0.03476727
2024-02-07,95185525.04027174,0.024602191669724594,504544471.8464247,0.14770574748608606,454951.5989109151,0.0001478924378452478,94826222.51020265,359302.53006909415,0.009644628
2024-02-08,97766491.3380091,0.027303960900736085,522457418.8270054,0.18818982164569617,472927.1551891704,0.00018884758234668643,97299945.76886912,466545.56913999,0.006370306
2024-02-19,100568383.93929306,0.02885234668253731,541334285.4411244,0.19308115035913345,491827.2559247376,0.0001933187994874819,100074270.22799219,494113.71130086854,0.01155448
2024-02-20,99854067.79282953,-0.006900536479825818,561638569.599176,0.20189530111479226,512167.6002980452,0.00020225386524641594,99308173.99538982,545893.7974397023,0.0020682812
2024-02-21,99967551.28750113,0.0013212549822007847,580108010.1406226,0.18496432794070758,530616.790190738,0.00018476152549909108,99480607.97746155,486943.3100395845,0.013492227
2024-02-22,102590554.78609924,0.02646394137523863,602576609.0280336,0.22475892024995747,553148.708291215,0.0002253923179100028,101999504.96802843,591049.8180708117,0.008620501
2024-02-23,103750986.67930643,0.01148488705656537,620434051.4729285,0.17406517083495243,570957.7498727542,0.0001735933840953581,103274547.62952879,476439.04977764795,0.0008804798
2024-02-26,104085050.06757574,0.0034158327190460676,640723521.0286754,0.19555929254399787,591290.3765359366,0.00019597526070793333,103542629.42959026,542420.6379854814,-0.010424852
2024-02-27,108062280.15694195,0.03829160364965731,649225543.4429184,0.08168341571362232,599643.7702120709,8.025546099762618e-05,107825470.38884985,236809.76809209213,0.0119969845
2024-02-28,104923407.5542078,-0.0288689613891125,668312573.7533597,0.17662990529832068,618870.5794760043,0.00017792340894537672,104426266.68839537,497140.8658124348,-0.012741804
2024-02-29,109564929.24393764,0.04432097987394836,677216140.2879013,0.08485777141713258,627657.1242622897,8.374246501426177e-05,109310618.41942394,254310.82451369846,0.019076824
2024-03-01,111573899.0017258,0.01844757264081397,689405965.854807,0.11125663705551304,639894.3575873206,0.00011168932804935836,111237009.89428702,336889.10743877664,0.006177306
2024-03-04,112542555.99558432,0.008855652182803804,708716208.6268157,0.17307132711845064,659297.0059673536,0.00017389952805837555,112040258.32047679,502297.6751075336,0.0008677244
2024-03-05,111792900.89696129,-0.0063856853038802746,739545907.0116211,0.2739381393294023,690290.7587082653,0.00027539584885674477,110993488.26238196,799412.6345793349,0.006958723
2024-03-06,111643309.64084482,-0.001113297768390879,764730015.2197322,0.22527466418751455,715423.2277342003,0.00022481274592828988,110972307.83964339,671001.8012014343,-0.0040555
2024-03-07,110221554.4988453,-0.012600330923044861,778826091.9879571,0.12625993275881792,730435.7229151187,0.00013446838175268526,107732728.36743754,2488826.131407752,-0.006006658
2024-03-08,112490851.02642371,0.020752504028308937,797862444.6338934,0.1727098908420465,748512.449080465,0.00016400354946487087,111939354.58236153,551496.4440621715,0.0043034554
2024-03-11,113556244.56506675,0.00963812208401551,816675965.8750563,0.16724490098082434,767319.4659648909,0.00016718707977423147,113036563.85136321,519680.7137035364,0.012510896
2024-03-12,112315663.40260896,-0.010763963142147958,834950263.6032603,0.1609272814383448,785585.3973635669,0.00016085360579364517,111830981.27935994,484682.1232490288,0.0022928715
2024-03-13,112253731.47515476,-0.0004017183856098535,851768469.9995493,0.1497405249346399,802398.0578369745,0.00014969114693416002,111796953.8581421,456777.6170126591,-0.0069853663
2024-03-14,112287637.9297055,0.00048287131009946255,872001091.173972,0.180240076730998,822695.7096671927,0.00018081939516380934,111721096.65293214,566541.2767733573,-0.0028384328
2024-03-15,113711740.39106978,0.012851858784076855,891024509.6178254,0.16941685473660467,841698.1141730356,0.00016922971091206732,113206229.39482325,505510.9962465321,0.0021811724
2024-03-18,115483267.61553763,0.015754480513915366,910931822.7379543,0.1750682299968761,861640.2878997037,0.00017537479998181658,114927977.57993913,555290.0355985025,0.009395003
2024-03-19,114553018.46297835,-0.007877969103439767,931395692.9496421,0.17720203657395042,882115.8262195124,0.0001773030737922573,113994867.74945796,558150.7135203946,-0.0071873665
2024-03-20,115109036.70910569,0.0050226677149543715,950746137.8032616,0.16892130048823917,901459.3275767486,0.00016886068666525518,114584116.4897089,524920.2193967872,0.0021662712
2024-03-21,114653592.68805464,-0.0037935580435652255,969523840.4104295,0.16312969983947778,920230.5365329251,0.00016307328679687958,114160430.97959632,493161.70845832024,-0.0011965632
2024-03-22,113607421.43165444,-0.008965744158591374,987730307.5302532,0.15879543495299964,938447.0140286824,0.00015888274469793562,113112455.44882488,494965.9828295605,-0.010077953
2024-03-25,113434555.20509571,-0.0013569231099559392,1006413826.8887821,0.1644568561022122,957156.7049842968,0.0001646872248294983,112905955.71905082,528599.4860448842,-0.00542742
2024-03-26,113712388.02338289,0.002628780739371453,1026761885.2327169,0.17938147954249392,977518.4605994413,0.00017950222997154057,113176755.75053363,535632.2728492632,0.005102396
2024-03-27,111451630.98411123,-0.01972421978793688,1044641060.051604,0.15723154820397042,995387.3658867287,0.00015714123674557794,110954406.67974861,497224.3043626202,-0.011558354
2024-03-28,113292762.98747715,0.01670153904409756,1064891365.4204841,0.18169590871009286,1015669.1289302967,0.00018197816276425253,112752905.09678261,539857.8906945419,0.005187273
2024-03-29,113793434.9477247,0.004586353720928305,1083831231.3130054,0.1671763084691906,1034597.8537646148,0.00016707796981180813,113294787.89827086,498647.0494538364,0.004691839
2024-04-01,116749670.56701726,0.02615546646938875,1103891960.5858898,0.17629074368042427,1054682.6066838407,0.00017650185995749792,116223060.97780012,526609.589217145,0.016443968
2024-04-02,116018869.60926622,-0.006136603242158312,1118312028.5211494,0.12351270770380544,1069037.1575124036,0.00012295153175890925,115637648.78427131,381220.8249949126,-0.0041633844
2024-04-03,115125737.48217112,-0.007501741804175595,1140984612.2806451,0.19542151923952994,1091825.680386477,0.00019642083180797755,114535426.9508952,590310.5312759164,-0.003597021
2024-04-08,114755500.58360083,-0.0029957680140752342,1166280444.680182,0.21972352101939216,1117172.5770108507,0.00022016707279116514,114088408.49927567,667092.0843251646,-0.008798182
2024-04-09,114364222.19045596,-0.003255955301242262,1184007315.8390357,0.15447513250956993,1134812.1896838418,0.0001537147464242068,113889286.69052866,474935.4999272926,-0.00082570314
2024-04-10,112572960.4081351,-0.015529505799484155,1199277196.8700724,0.1335197384161542,1150054.1202445186,0.00013327533968878627,112169167.77948728,403792.62864782126,-0.008144915
2024-04-11,113448269.0017433,0.007943085409891503,1218081637.9581013,0.16704225437310258,1168922.1660024698,0.00016760726278801594,112936135.07900946,512133.9227338447,-0.00013411045
2024-04-12,114369261.50226875,0.0082646159565425,1234723929.832377,0.14669498283856539,1185536.0397109585,0.00014644448835295456,113930577.78481795,438683.7174508001,-0.008104444
2024-04-15,116256475.76560704,0.016706093465078377,1258077771.213519,0.20419683640852107,1208985.3485615526,0.0002050315665466541,115650306.41810235,606169.3475046903,0.021071196
2024-04-16,113868477.66093649,-0.0203790569175126,1276922081.2841594,0.16209256255654678,1227786.1165753768,0.00016171802809273017,113368193.19507715,500284.46585933724,-0.010698497
2024-04-17,116379078.31035706,0.02225020727633128,1299857292.4637995,0.20141844038640525,1250782.6973509372,0.0002019573919661658,115779051.23343289,600027.0769241676,0.015462279
2024-04-18,115600152.17931464,-0.006517975062937802,1320249766.199885,0.17522456812815815,1271152.898118765,0.00017503318520451874,115065041.23967408,535110.939640562,0.0012340546
2024-04-19,114901788.1918825,-0.0058568388895766455,1341524581.1586838,0.18403794941202314,1292465.4186261138,0.00018436412154795016,114312578.67564967,589209.5162328323,-0.007882774
2024-04-22,113382256.95722641,-0.013049054064410518,1361707453.549113,0.1756532488138868,1312637.0070688885,0.00017555504366118985,112835786.92474554,546470.0324808713,-0.0030381083
2024-04-23,111708459.07107888,-0.014588885152451773,1381385045.744318,0.17355089520425024,1332314.1681416654,0.00017354709282423368,111182528.44452631,525930.626552565,-0.006989777
2024-04-24,113363580.96835239,0.014986033588406973,1399055770.2336469,0.15818609115434284,1351258.9906165286,0.00016959165521036112,110308399.19320595,3055181.7751464327,0.0043922663
2024-04-25,113016703.53754205,-0.0028629461238856334,1422553998.2080355,0.20728198398168612,1373582.596703736,0.00019692043861458137,112333089.1428444,683614.3946976475,0.0024591684
2024-04-26,115043069.37520967,0.01809764588801534,1440310279.880155,0.15711201190911847,1392553.0390893535,0.00016785520893657798,111950103.99590233,3092965.3793073483,0.01529336
2024-04-29,115363512.41415381,0.0029660780971220127,1462301998.6871295,0.19116074463598542,1413336.728444711,0.00018066007338149283,114707389.6274357,656122.7867181185,0.011059403
2024-04-30,115487673.74203753,0.0012504416608749849,1482446905.5024314,0.17462112927857024,1433430.742628517,0.00017417997912259051,114953430.23249473,534243.5095428084,-0.005386412
2024-05-06,116691769.38695656,0.010596368183745458,1502089470.7230244,0.17008365121690971,1453085.0093643966,0.00017018497385080946,116153777.1135774,537992.273379168,0.014840245
2024-05-07,116431017.02711245,-0.0020525828818225645,1523301323.040964,0.18177676479992183,1474317.8409152466,0.00018195654811301035,115872299.11946295,558717.9076494998,0.00030887127
2024-05-08,115754392.30798712,-0.00561830141643116,1545754594.1639905,0.19284613066463274,1496798.0121606307,0.00019307716980733092,115164354.32686827,590037.9811188527,-0.00786823
2024-05-09,117196006.96187957,0.01262123077444952,1565132345.1247196,0.16740402307301513,1516146.256743458,0.00016714911803387692,116684329.98114738,511676.98073218716,0.009459496
2024-05-10,116175389.61066315,-0.008533048568605862,1585687249.0116553,0.17538911452522116,1536724.3885074896,0.00017558731135545381,115637835.0075037,537554.6031594388,0.00046944618
2024-05-13,116267892.19510925,0.0009610987991017728,1604847842.2568543,0.16492815999508653,1555877.8315013761,0.00016486661295542183,115763791.53756836,504100.65754088806,-0.0004336834
2024-05-14,115991798.52783008,-0.00217518269581161,1627976313.0119236,0.1989239704823869,1579067.5915992537,0.00019945110950289553,115388308.9447692,603489.5830608783,-0.0020847917
2024-05-15,114938235.77104619,-0.00890687128361174,1648436025.2253215,0.17638930056325536,1599506.328941133,0.00017620846992018582,114397134.66836499,541101.1026811986,-0.008473992
2024-05-16,115823013.96977678,0.007865715861432726,1667734161.7439,0.16790005857598064,1618799.6343999575,0.000167858026786283,115310868.29206213,512145.6777146505,0.0039436817
2024-05-17,116627511.9838002,0.007122495441339687,1688149059.8511372,0.1762594272720638,1639250.5093784924,0.00017657004663918858,116063863.43846919,563648.5453310139,0.010331392
2024-05-20,117613315.78560778,0.008633417923216787,1709226749.6035652,0.1807265660897901,1660340.7598720312,0.0001808342657302702,117045636.00854813,567679.7770596668,0.0035318136
2024-05-21,117172486.19470699,-0.003584304722542204,1728514238.0113966,0.1639906865901966,1679608.3875686233,0.00016382182211165827,116663795.46782324,508690.72688375134,-0.004009843
2024-05-22,117721619.53462446,0.004860623680377353,1748886884.0973096,0.1738688556292939,1700006.4087378385,0.0001740854174188944,117182576.66230567,539042.872318788,0.0022550821
2024-05-23,116433771.52193907,-0.01076109456489936,1769905436.497297,0.17854453993308725,1721040.9412780292,0.0001786802850941413,115883802.90175276,549968.6201863121,-0.011578381
2024-05-24,114684932.52209878,-0.014835089065355857,1791419733.8874328,0.18477712358636367,1742574.570375058,0.00018494315537113205,114117834.11722237,567098.4048764086,-0.011068702
2024-05-27,116456668.7025764,0.01563384827245028,1812644157.9228625,0.18506724090664617,1763805.22408413,0.00018512156080294995,115898341.60412464,558327.0984517578,0.009504437
2024-05-28,115169515.2932659,-0.010876008287817832,1833213972.962119,0.17663063239247115,1784374.9394137585,0.0001766297761973795,114631957.32939962,537557.9638662725,-0.007299781
2024-05-29,115612676.7442716,0.0040284415398022366,1853992429.1739006,0.18041628601867046,1805167.1479343276,0.0001805356952977025,115068406.37135138,544270.3729202263,0.0012052059
2024-05-30,114670641.4092674,-0.007970994476246317,1874469925.9538724,0.17712155238189708,1825654.475225898,0.00017720658208517329,114127197.34044287,543444.0688245264,-0.0053161383
2024-05-31,114355546.43162695,-0.002563310690276837,1895610702.443569,0.1843608462452357,1846812.971881071,0.00018451537721548975,113797820.52850538,557725.9031215534,-0.004003525
2024-06-03,114999505.0989229,0.005819090473162751,1917083882.8070333,0.18777559142094735,1868299.5753787244,0.0001878929721218208,114436419.53092158,563085.568001309,0.0024665594
2024-06-04,115726423.25983676,0.006503533366444998,1938046183.4404373,0.18228165951994477,1889284.5330003614,0.00018247867765679266,115139008.67299233,587414.586844427,0.0075012445
2024-06-05,114452627.70728566,-0.010825461072212873,1959051505.9037895,0.18150843922817556,1910288.195525674,0.00018149409558916092,113889536.6590463,563091.0482393452,-0.0057748556
2024-06-06,115569542.79329324,0.009939061062270702,1979684184.9433749,0.18027265474720025,1930924.7650381415,0.00018030664673987162,115019307.36880243,550235.4244908071,-0.00070655346
2024-06-07,114600627.16770428,-0.008231054015191488,1997373394.404209,0.15306117021223148,1948581.2413845141,0.00015277793715903903,114133514.44848405,467112.71922024107,-0.005049765
2024-06-11,114104147.74692138,-0.004160723951064905,2016997555.3074148,0.17123955940038849,1968239.0879036963,0.0001715334985943428,113589321.64226697,514826.10465440154,-0.008737862
2024-06-12,114748349.47924863,0.005832836492776548,2038309047.7184186,0.1867722850730361,1989588.1925318537,0.0001871019156596203,114179648.04491644,568701.4343321938,0.00034999847
2024-06-13,115495776.12395959,0.006687770884276632,2058303541.2787158,0.1742464588905752,2009572.2184870143,0.000174155236618672,114967993.92585613,527782.198103454,-0.0050760508
2024-06-14,115803209.58963637,0.002831368465420233,2077875961.791698,0.16946438363231045,2029149.851216844,0.0001695095127012907,115284580.59056807,518628.9990683091,0.0043674707
2024-06-17,116672492.25881489,0.007650709246332624,2094599027.1893294,0.1444093428575231,2045843.8684007542,0.00014415850167769556,116228653.70437309,443838.55444179196,-0.0015050173
2024-06-18,117537291.13609451,0.007581401354693268,2114292896.047555,0.16879616160541616,2065585.9819875488,0.0001692096672024508,117016705.23810142,520585.8979930859,0.002655387
2024-06-19,116590852.05052947,-0.007885698901401447,2133861551.4058673,0.16648890891703588,2085161.3799669917,0.0001665462747203943,116076356.30825512,514495.7422743384,-0.0047495365
2024-06-20,116391691.42692131,-0.0015736055839163212,2149595040.6538067,0.1349461726304272,2100853.987754874,0.00013459553225566247,115974651.21254995,417040.214371359,-0.007217884
2024-06-21,116493975.10363108,0.0010436131834871802,2168725343.8818097,0.16436141612405678,2120038.2146666097,0.00016482471108155425,115988271.7487056,505703.3549254816,-0.0021865368
2024-06-24,114435566.09113066,-0.01749958380498433,2188521358.8008585,0.16993166300178686,2139851.14706528,0.0001700768849294146,113915840.70936176,519725.38176890183,-0.005380988
2024-06-25,112156240.12088038,-0.019752820204542346,2207422108.934171,0.16516499877547777,2158751.9553124323,0.00016516550660570516,111655299.31967963,500940.80120074144,-0.005438864
2024-06-26,114651838.6673469,0.02243628674506126,2228153939.743932,0.1848477693921988,2179522.972445934,0.00018519715988263446,114093296.23579594,558542.4315509456,0.0064663887
2024-06-27,112957233.7504889,-0.014597771144306897,2249080545.7380333,0.18252307365796716,2200466.5871639955,0.00018267142473682975,112385617.48573445,571616.2647544607,-0.00751096
2024-06-28,113786624.48420158,0.007506634716240741,2267649076.7883625,0.16438549735863056,2219004.5457732626,0.00016411484235011998,113294691.06017996,491933.42402161844,0.0021828413
2024-07-01,114657837.43728901,0.007842329470619634,2288743679.114804,0.18538736360326882,2240143.791240612,0.00018577970445273598,114097756.97691907,560080.4603699478,0.0047723055
2024-07-02,113043080.59925328,-0.013912562726421631,2308329737.63835,0.17082180303861585,2259716.273854207,0.00017070339935810943,112529724.44139895,513356.157854327,-0.001837194
2024-07-03,112465785.59483479,-0.0049270586532121395,2328626513.073749,0.17954902969561437,2280041.389820391,0.00017979973527294622,111916073.49137682,549712.1034579654,-0.0024137497
2024-07-04,111933946.77676228,-0.004531799727421388,2350766461.2344694,0.19685940967398682,2302207.791389999,0.0001970946226211767,111353494.25709747,580452.5196648082,-0.0050816536
2024-07-05,112473899.05113864,0.005003714315095033,2370915786.078044,0.1800108494678539,2322341.0088456073,0.00017986694863678302,111945794.52486196,528104.526276675,-0.004280627
2024-07-08,111557354.50699547,-0.007962901431856882,2391819537.039207,0.1858542394058795,2343266.981187939,0.00018605180863177383,111005733.19072165,551621.3162738159,-0.008539617
2024-07-09,114045589.5147238,0.022503761517625644,2414009316.3174353,0.19890915642712576,2365492.0748222624,0.00019922571427533753,113445564.57989524,600024.9348285529,0.011185408
2024-07-10,114697307.98639424,0.005895275668823139,2434640740.0993714,0.18090505621238917,2386103.792154556,0.0001807322617209382,114157307.6681821,540000.3182121306,-0.0031512976
2024-07-11,116593702.45261024,0.016711913756087316,2455043191.3952208,0.17788082086695117,2406520.8450625637,0.000178008126489154,116044915.96299051,548786.4896197296,0.011431932
2024-07-12,115905829.09861171,-0.005730174712456151,2474819867.326484,0.1696204470331639,2426291.9136355068,0.00016957235388402812,115388028.39420564,517800.70440606494,0.0012197495
2024-07-15,115138940.2359445,-0.006429075059327995,2496503944.21292,0.18708357513225116,2448013.501214107,0.00018740720589746808,114567839.73478824,571100.5011562565,0.0011087656
2024-07-16,116997026.22915727,0.016313930013011135,2516794218.591228,0.17622425859338878,2468296.120782803,0.00017615777535499565,116461517.96679193,535508.2623653393,0.006337285
2024-07-17,116289239.36251952,-0.0058692334191266194,2537877279.123709,0.18020167872631795,2489400.131137951,0.0001803807415909225,115732935.46517628,556303.8973432276,0.0009433031
2024-07-18,116978242.8848577,0.0061023862029000635,2558509225.458636,0.1774192216582368,2510038.458631351,0.00017747409482198512,116429814.9980598,548427.8867979064,0.005526066
2024-07-19,117532454.62437513,0.004900882325274759,2577603777.0525093,0.1632316499459508,2529123.3221100126,0.0001631488301414037,117022487.83147919,509966.79289594386,0.0051379204
2024-07-22,117261553.2870838,-0.002121366385728793,2599138561.5710244,0.18322415359518066,2550695.2609289987,0.00018354027309246923,116698849.8320666,562703.4550172156,-0.0068098307
2024-07-23,113123673.76780687,-0.035107977185923935,2620197143.933185,0.17958641832591396,2571758.8426169883,0.0001796290522983356,112572035.24281852,551638.5249883519,-0.021349013
2024-07-24,111828873.81217691,-0.011265085510867705,2640645828.7891483,0.180763974284776,2592210.939949102,0.00018079414017345812,111290862.43222086,538011.3799560526,-0.0063112974
2024-07-25,111462927.18573768,-0.003108296278950605,2659013678.308538,0.16424961544582395,2610560.294038704,0.00016408422497772059,110980256.01944432,482671.166293371,-0.0055292845
2024-07-26,112642487.37469096,0.010761433496043436,2678921797.8072186,0.17860754244778124,2630500.9832690717,0.00017889974481954092,112114617.43425298,527869.9404379819,0.002947688
2024-07-29,111742920.72196466,-0.007823168106248253,2697276123.8196645,0.1629431881363964,2648846.5213572253,0.00016286517206539903,111250972.16820002,491948.5537646385,-0.00544101
2024-07-30,110934659.8889666,-0.007058827296735018,2716730432.600639,0.17409880335399508,2668333.3753461763,0.00017439005409065396,110397107.77323739,537552.1157292062,-0.0062994957
2024-07-31,115079691.28068058,0.037550673265368054,2737348637.0190725,0.1858589951875295,2688973.1509275152,0.0001860534444509683,114519636.61472222,560054.6659583603,0.021576643
2024-08-01,113609204.89255413,-0.01260732140182698,2756998831.7480683,0.17075293225343094,2708612.884255397,0.00017066202654281008,113089712.76215069,519492.13040344603,-0.0066268444
2024-08-02,111793815.39937353,-0.015814484311161087,2775722438.242508,0.16480712555067564,2727331.389059217,0.00016476221994092,111303245.155011,490570.24436253356,-0.010200977
2024-08-05,109825000.59734903,-0.017436419606857986,2795230210.3856616,0.17449777586947787,2746862.316328617,0.000174704899368781,109307651.02776274,517349.56958629517,-0.012135088
2024-08-06,111609605.08665027,0.01642663597031446,2814666515.5077147,0.1769752334745018,2766313.132279603,0.00017710736030221796,111082684.67514879,526920.4115014891,-0.000101685524
2024-08-07,111593734.00101846,3.9652209153901324e-05,2834949818.7250633,0.1817343874803718,2786609.7853158857,0.0001818539992191995,111060410.60468417,533323.3963342858,-0.00044572353
2024-08-08,111404839.19148234,-0.0015068926737874181,2855668382.1667037,0.18566063432783142,2807344.8146452983,0.00018580818640967224,110859319.04893364,545520.1425486961,0.0004339218
2024-08-09,111467006.7919728,0.0007351638597397751,2875403784.412657,0.1771503140185134,2827078.0257285316,0.00017713064554867287,110945602.18594699,521404.606025822,-0.0033832192
2024-08-12,111150572.36513315,-0.0026664370606777695,2894608088.9629426,0.17228689549479134,2846292.6946152444,0.00017237987669815568,110627653.7551409,522918.6099922457,-0.0017318726
2024-08-13,111729428.45117936,0.005374530874492602,2913130872.8989215,0.16664587092841013,2864818.7914629728,0.000166675676548651,111218410.11453442,511018.3366449275,0.0025647879
2024-08-14,110585570.80594492,-0.01007232664890881,2931611037.2976985,0.16540104657254193,2883301.1370412447,0.0001654205685509958,110088672.4558915,496898.3500534217,-0.00754261
2024-08-15,111493958.21354707,0.008399170363231592,2952017402.217362,0.18453008625756817,2903740.7783534396,0.0001848309970571331,110950946.71974233,543011.4938047398,0.009884477
2024-08-16,111077795.34114556,-0.0035485323601904015,2972532270.507311,0.18399982042664875,2924263.732068457,0.00018407233937922827,110539135.95091608,538659.3902294827,0.0011011362
2024-08-19,110886404.98779415,-0.0015546916249803107,2991242514.741544,0.1684427042935937,2942962.3672817154,0.00016833819176758402,110389662.27472602,496742.7130681267,0.0033894777
2024-08-20,109631738.6189998,-0.011137029304943145,3010942636.642801,0.17766038950785296,2962683.59420721,0.0001778507196411087,109112507.08438435,519231.53461544914,-0.007229686
2024-08-21,109876886.44686188,0.0024068023083021785,3029661838.3911314,0.1707461906937819,2981397.687916516,0.0001706995979908924,109386585.08400662,490301.3628552626,-0.0033186078
2024-08-22,109255190.74843886,-0.0054796289957441124,3049249840.62274,0.17827227240445556,3001008.8134032213,0.00017848271934962125,108738254.0008765,516936.7475623572,-0.0025590062
2024-08-23,109314976.36634766,0.0007320004309037567,3069421670.5954566,0.18463040368638084,3021198.04220076,0.00018478965309780629,108783431.19793898,531545.168408683,0.0042407513
2024-08-26,109050445.0053216,-0.0022428741241389822,3088767949.5584774,0.17697738778431923,3040549.671353863,0.00017702633066717154,108527551.08590059,522893.91942102136,-0.00089263916
2024-08-27,108131775.15735795,-0.008255477974599693,3107183152.859214,0.16886866715525806,3058955.9724557963,0.00016878703338656724,107645091.9366452,486683.2207127521,-0.005682528
2024-08-28,107870713.87605688,-0.0022361715117339104,3126425681.6108384,0.17795443313144577,3078216.058636762,0.0001781168038066312,107368175.88284345,502537.9932134263,-0.0056968927
2024-08-29,107728079.17737056,-0.0011490145079982965,3145108325.878555,0.17319477730705213,3096905.7420913563,0.00017326003308060515,107230152.49385649,497926.6835140716,-0.0026837587
2024-08-30,109174809.86429565,0.013607441709666756,3164267628.494302,0.1778487350934926,3116078.6130667077,0.00017797468516805127,108668919.3325485,505890.53174714325,0.013347864
2024-09-02,106986114.53555034,-0.01987108677046082,3183531696.3769946,0.1764515817031242,3135351.8218500325,0.00017653530889846677,106481215.41132195,504899.1242283941,-0.016986668
2024-09-03,107192359.20441093,0.0021119017994633378,3203216586.396922,0.18399481190043987,3155051.3207946676,0.00018413136162720542,106677941.72971386,514417.4746970702,0.0025788546
2024-09-04,105999345.44049798,-0.010950446691934753,3222423058.7638574,0.17917762524761105,3174260.86945699,0.00017920632407848066,105497984.9236897,501360.51680829003,-0.0064977407
2024-09-05,105431633.35802647,-0.005178663789720228,3241195055.185353,0.1770953994431312,3193037.979961742,0.0001771436458095152,104938821.78520986,492811.57281661406,0.0017219782
2024-09-06,104205256.60084322,-0.011450269416736035,3260335379.4580364,0.1815425187209857,3212194.1301490585,0.00018169262466289962,103699949.34894925,505307.2518939604,-0.008106828
2024-09-09,103351342.69767307,-0.008015454696781287,3278992666.7722745,0.17904362911080915,3230855.519868684,0.00017908299761793843,102856492.02472457,494850.6729484983,-0.011883557
2024-09-10,103974189.86349167,0.006200882113165838,3297016808.4009686,0.17439678245321788,3248877.846355756,0.00017437921962747352,103500991.80027533,473198.0632163449,0.000880003
2024-09-11,103646791.61309001,-0.002982041500127154,3314359970.7659173,0.1668025727126962,3266220.7476423844,0.00016680006172106905,103191458.60780004,455333.0052899718,-0.0030133128
2024-09-12,103753970.3567101,0.0012109610717177214,3332669775.0968194,0.17665577531094243,3284554.2338741776,0.0001768842618904353,103269607.03587133,484363.320838775,-0.004287362
2024-09-13,104234800.3195782,0.004803721025206241,3350247550.4777436,0.16941785765394002,3302129.3998572365,0.00016939270779358986,103773230.96045193,461569.35912626283,-0.0041670203
2024-09-18,105083278.55863886,0.00831518375455238,3368474377.360542,0.17486316304070942,3320382.679072949,0.00017511693944583775,104587057.81290072,496220.74573812913,0.00372231
2024-09-19,105396499.9976265,0.0031610236159081294,3387409945.308622,0.18019582380572172,3339331.9652462164,0.00018032637002939682,104891792.0876894,504707.9099371056,0.007893443
2024-09-20,105770227.27918786,0.0037211288349555255,3405875175.840467,0.17519775829615714,3357798.6389294146,0.00017521145088891977,105281099.74022871,489127.538959146,0.0015676022
2024-09-23,105978226.88567361,0.002144060901894534,3424640030.4283237,0.177411499157751,3376576.8413374657,0.0001775376955415322,105481181.90873362,497044.97693998786,0.0036581755
2024-09-24,110192655.7598296,0.03995199801208448,3444234051.5417,0.18488723287014067,3396189.877042153,0.00018506665266107198,109677194.63597351,515461.1238560807,0.043311715
2024-09-25,110617775.74193944,0.004028875354788405,3461797465.5564303,0.15938824501163482,3415022.370001768,0.0001709051554276146,107582989.22127241,3034786.5206670356,0.014803529
2024-09-26,114018324.46938841,0.030941538579835566,3485091459.716229,0.21058093062855698,3437157.818287616,0.00020010751560841142,113322765.14490789,695559.3244805182,0.04227209
2024-09-27,119430787.1155077,0.04763826561159218,3502958353.978588,0.15670195422978733,3456330.397829745,0.00016815349314553628,116143029.81102951,3287757.3044781988,0.044667363
2024-09-30,131170349.3229051,0.09840696018705795,3513233837.501607,0.08603714143724837,3469588.9032171196,0.00011101413385605236,121929806.79510224,9240542.527802862,0.08482647
2024-10-08,141338638.21682292,0.07767018450395768,3530103209.219694,0.12860659291650944,3489325.2426579106,0.00015046342060281878,126383896.58305293,14954741.633769982,0.05929792
2024-10-09,132660200.40398203,-0.06127641514710252,3549896502.6418943,0.14004163102120715,3507037.9837986343,0.00012532129475841677,121884276.07430549,10775924.329676542,-0.070515275
2024-10-10,131816139.38651004,-0.006159549834314617,3581659867.953922,0.2394340217736775,3533971.885852127,0.0002030292579950312,130726075.47595832,1090063.910551725,0.010568738
2024-10-11,126886649.68091756,-0.03721874984538323,3605335046.5647197,0.17960758614980937,3557429.6740339254,0.0001779583918249633,126254824.41654778,631825.2643697802,-0.027670264
2024-10-14,129788356.14414471,0.023073025712979166,3631251264.4319243,0.20424700259937745,3583382.1415283633,0.00020453268771538003,129109984.09280229,678372.0513424319,0.019080639
2024-10-15,126435778.31116854,-0.025639820821123368,3656075211.608788,0.19126482462952113,3608209.778300524,0.0001912932524130822,125774854.70600344,660923.6051650909,-0.02659452
2024-10-16,124538625.15556142,-0.01482640755742431,3678659944.1503506,0.17862612025830005,3630774.5548261097,0.00017846828506130387,123940178.35887669,598446.796684721,-0.006327808
2024-10-17,124146282.14293924,-0.0029796867540202057,3699920268.186253,0.17071269262324193,3652031.4757083734,0.00017068536653356843,123575898.57441476,570383.5685244729,-0.011319041
2024-10-18,130608480.88721767,0.052242376606117656,3721809290.091771,0.17631637071753406,3675529.5573907136,0.00018927736921904015,126843475.84673059,3765005.0404870776,0.036167383
2024-10-21,131859976.64248131,0.009787383843083619,3750079823.834049,0.2164525117376575,3702349.137732322,0.00020534332961706647,131023697.98367529,836278.6588060311,0.0025399923
2024-10-22,133377746.43326215,0.011694714334227042,3774451761.9066358,0.18483196109360323,3726644.1059031487,0.00018424823657218578,132719702.54614726,658043.8871148913,0.00573802
2024-10-23,134154786.2897541,0.005996077682242439,3797153515.5993032,0.17020645722205763,3749347.5781074846,0.00017021934176775162,133516008.85150768,638777.4382464117,0.0038986206
2024-10-24,132648404.02633506,-0.011049369094427173,3821190649.449367,0.17917462741990597,3773404.0920270258,0.0001793190879346094,131994922.96305342,653481.0632816432,-0.011169732
2024-10-25,134830423.47479075,0.016587055735870045,3839491591.172959,0.13796578901890494,3791631.114430363,0.0001374085315019576,134343008.07442093,487415.40036981506,0.0070225
2024-10-28,134710704.14309978,-0.0006803828139638643,3867342140.661715,0.20655983101590863,3819614.1431896123,0.00020754239316382088,133986313.23050162,724390.9125981508,0.0019563437
2024-10-29,133880073.76516409,-0.006044355636186802,3883866154.1559753,0.122662958369717,3836005.117283267,0.00012167536498245114,133438152.62787084,441921.137293248,-0.009966791
2024-10-30,132405955.71912116,-0.010797013081551475,3912315237.7315154,0.21249677248790538,3864618.255524648,0.00021372215772431195,131664538.38838753,741417.3307336327,-0.008968949
2024-10-31,132760196.01037188,0.002830517039525064,3932937355.501207,0.1557491704786914,3885155.278071501,0.00015510648622497818,132209506.14786264,550689.8625092367,0.00040876865
2024-11-01,130863976.76590034,-0.014120100675989728,3954549031.482493,0.16278731600846416,3906787.189112455,0.00016293973412983135,130294448.69509456,569528.0708057806,-0.00026214123
2024-11-04,133578322.07911749,0.020909990439893552,3976549876.265619,0.16811994657997212,3928806.378996735,0.00016826013107999532,132994122.99588719,584199.0832303041,0.014071941
2024-11-05,137599501.07093397,0.030295367600112165,4002119668.308457,0.19142171906975514,3954431.7579733026,0.0001918378564554054,136929753.49922022,669747.5717137414,0.025301933
2024-11-06,137354598.84511834,-0.0016123975529631703,4023616089.796409,0.15622455983231076,3977468.8849731996,0.00016742158816419745,133626477.37651636,3728121.468601984,-0.0050165653
2024-11-07,141371584.52390733,0.029432703985784896,4050787093.2696366,0.19781648158621645,4003200.45507881,0.0001873367933943402,140548061.3606452,823523.163262134,0.030171871
2024-11-08,141216407.94466546,-0.0009022710606508445,4078439055.8202276,0.19559774083111287,4030821.5448064054,0.00019537936014945385,140482251.51712197,734156.4275434949,-0.010046542
2024-11-11,144377397.5149701,0.02253746077750839,4098697523.1176186,0.14345689422527344,4052491.2296952954,0.00015345019183168226,140842475.58931607,3534921.9256540104,0.0065983534
2024-11-12,143194382.10910714,-0.008014273266537999,4125977056.7697563,0.18894601316878024,4078426.718361698,0.00017963676526108223,142373485.64358848,820896.4655186594,-0.010987222
2024-11-13,145054007.10401002,0.013181057860569565,4153837739.1523123,0.1945654708808861,4106255.1593474676,0.00019434031262878445,144325421.87305096,728585.2309590476,0.00615561
2024-11-14,140877256.05525482,-0.028642656136607655,4175919460.063257,0.1522310300267085,4128274.1613854636,0.00015179864712187773,140296127.57223275,581128.483022071,-0.017336965
2024-11-15,137676562.6525932,-0.022543635685517874,4200682160.64732,0.1757750063952847,4153082.027162004,0.00017609560599909837,137029911.65039295,646651.0022002487,-0.017523944
2024-11-18,134816420.2065778,-0.020598758324652577,4224847706.448362,0.17552403499512348,4177258.2321277354,0.00017560145677617429,134172627.0799649,643793.1266129003,-0.004648745
2024-11-19,136346005.18790463,0.011551539558823612,4252546326.9874964,0.20545435412609378,4205010.461996187,0.00020585200100942905,135622745.63252252,723259.5553821023,0.0067107677
2024-11-20,137252696.0063573,0.006831342522200486,4277304887.423167,0.18158625477548795,4229745.906515802,0.0001814167161371964,136600403.72760528,652292.2787520271,0.0022329092
2024-11-21,136586016.2642576,-0.004668266193243405,4303225233.667246,0.18885127213004288,4255693.527917513,0.0001890499943295,135905121.29164705,680894.9726105761,0.000885725
2024-11-22,131675745.23585585,-0.0357761327198701,4326993894.442243,0.17401972343208783,4279445.110770858,0.00017389468924397213,131052757.68940118,622987.5464546699,-0.030982912
2024-11-25,130673855.40917486,-0.007467569652242364,4345641234.105768,0.14161559997344017,4298037.138392172,0.00014119553747740055,130180083.97476353,493771.434411325,-0.004555464
2024-11-26,130413978.20837328,-0.0018002351603775852,4370185391.216451,0.18782760356942216,4322670.67014406,0.00018851155554225964,129766091.02330504,647887.1850682362,-0.0020555854
2024-11-27,133792507.50629954,0.026095369088013583,4394838905.046097,0.18904042471777938,4347342.267801459,0.000189179089514311,133133124.26338209,659383.2429174548,0.017410636
2024-11-28,132043093.74931557,-0.012911122881392215,4416867566.918055,0.16464794839816102,4369344.519762001,0.0001644505538511272,131458532.58118896,584561.168126618,-0.008827686
2024-11-29,134729522.76937428,0.02054857027105328,4443655965.46175,0.20287618066987545,4396212.290418382,0.00020347728831156736,134013085.14653896,716437.6228353181,0.011369705
2024-12-02,137707114.64713487,0.022286610286076963,4468739950.825363,0.18618031778046967,4421284.78064797,0.00018609499769776735,137038739.78258038,668374.864554497,0.007927895
2024-12-03,137323283.05740616,-0.002619025163006712,4490363280.403563,0.15702405524658403,4444457.9719907865,0.0001682788242437322,133578357.85495946,3744925.2024466847,0.0010790825
2024-12-04,135477454.64527568,-0.013258732284177016,4516922839.58353,0.1934090023821016,4469553.737678852,0.00018274953182975163,134685212.19232562,792242.4529500501,-0.0053973794
2024-12-05,135832643.0031102,0.0028212196279011827,4543952978.342632,0.1995176159005616,4496577.034027678,0.00019946711000425762,135081108.667062,751534.3360481989,-0.002282083
2024-12-06,137392220.3009815,0.011661658043391676,4568449405.12852,0.18034270882387834,4521033.569988756,0.00018004903254748928,136744924.150511,647296.1504704906,0.013145089
2024-12-09,136277761.42944837,-0.00793854309102844,4592210569.567789,0.17294403123565594,4544798.380290468,0.00017297056739931012,135646938.36439326,630823.0650550993,-0.001653552
2024-12-10,136820376.17239776,0.004165545555563086,4617240023.330436,0.1836649905318891,4569854.860785597,0.0001838633114626016,136160556.1228715,659820.0495262882,0.0073286295
2024-12-11,137664692.09045473,0.006359670323083902,4643033443.198571,0.18852031100714833,4595671.428665406,0.0001886894964188625,136984392.58545938,680299.504995353,-0.0017042756
2024-12-12,138591912.33237657,0.006913934095197223,4667611298.160963,0.17853419485544333,4620255.795092586,0.0001785814943095708,137923174.2642307,668738.0681458595,0.009945154
2024-12-13,136205968.28865045,-0.01704184419240398,4691698939.545521,0.17380264821506897,4644338.06252303,0.00017376387283471692,135572060.39616552,633907.8924849387,-0.023661435
2024-12-16,134896142.32204878,-0.00943429032429226,4716497460.615854,0.18206633220197777,4669157.380388226,0.00018221901857192493,134245460.1577011,650682.1643476761,-0.0054255724
2024-12-17,135098990.8078712,0.0016904972210635358,4741669041.847314,0.18659971143848877,4694350.448293432,0.00018675899452380037,134430528.36393777,668462.4439334231,0.0026048422
2024-12-18,135905456.7498663,0.006106044069110216,4760197050.318854,0.13714394430887905,4712804.897863495,0.00013659946280655932,135402566.55845922,502890.1914070896,0.005063653
2024-12-19,137083181.31279334,0.008841763901959331,4784037682.078979,0.17542071032514048,4736724.296506721,0.00017600028148427498,136446676.75382918,636504.5589641612,0.000905633
2024-12-20,137007671.91305274,-0.0003626871163107622,4809792464.778986,0.18787704263472518,4762515.392522285,0.00018814194249486098,136324331.81898892,683340.0940638236,-0.00449121
2024-12-23,135859434.90679398,-0.008191689257615762,4835679920.837137,0.18894895224976774,4788428.124559942,0.00018913343811944762,135151455.58575842,707979.32103555,0.0014843941
2024-12-24,136892369.35217294,0.0077797008412129574,4859692719.92142,0.17674737938338103,4812439.439212085,0.00017673645314818178,136211370.21006736,680999.1421055715,0.012741566
2024-12-25,136272591.25303656,-0.004344311301654941,4884764061.72768,0.18314637934099096,4837514.4710615,0.00018317333513971366,135609287.05647117,663304.1965653826,0.00048685074
2024-12-26,136750669.1071293,0.0036952487691461824,4910230718.5524845,0.18688025662854513,4862997.742064897,0.0001870021753389777,136079619.82437897,671049.2827503514,0.00046420097
2024-12-27,136443138.65041208,-0.002068403142067781,4934901665.010549,0.1804082321435449,4887672.685121062,0.00018043745758081155,135788771.1145146,654367.5358974976,-0.0016176105
2024-12-30,136764333.33020955,0.002517784312787324,4957261051.179274,0.16387329102721052,4910012.399405065,0.00016372911459652434,136171649.27804312,592684.052166427,0.004526496
2024-12-31,132934850.75709821,-0.02781505582027613,4982578002.043321,0.1851136933700451,4935387.406713775,0.00018553819326157123,132251428.82291068,683421.9341875291,-0.016038835
2025-01-02,128886855.74686778,-0.03027275922414179,5006280203.964214,0.17829938338895726,4959077.687477355,0.00017820970669961476,128250966.40807214,635889.3387956307,-0.029101014
2025-01-03,125699323.30408293,-0.024551549746171006,5029434561.9442835,0.17964871472653535,4982238.07976541,0.0001796955333718591,125074525.74160147,624797.562481469,-0.011841714
2025-01-06,125612882.48965277,-0.0005072126899991187,5052118390.3960905,0.18046102282453746,5004922.60229144,0.0001804665445266774,125009381.30125089,603501.1884018797,-0.0016397238
2025-01-07,129107231.12520196,0.027949859013297815,5068696716.044345,0.131979501780958,5021436.3225819925,0.0001314651806665859,128649454.37249233,457776.7527096339,0.0072009563
2025-01-08,129644225.34551044,0.004329119035334226,5090556510.340587,0.16931502678609217,5043362.674136917,0.00016983054600296947,129075260.42699027,568964.9185201735,-0.001815021
2025-01-09,131132497.29216628,0.011608735660851336,5107337175.978787,0.1294362752639323,5060096.269472951,0.00012907320238474043,130674406.57331343,458090.71885284875,-0.0024648905
2025-01-10,128421056.8802051,-0.0205051422522901,5127763933.56406,0.15577189489315904,5082646.170560218,0.00017196272131556845,123739229.05845037,4681827.821754731,-0.012540042
2025-01-13,127304961.32149878,-0.008469299548442524,5158084773.788763,0.23610489557788797,5111105.330220499,0.00022160820313780953,126374953.78824644,930007.5332523384,-0.0026711226
2025-01-14,133290686.99906711,0.04711413071487382,5170505500.986472,0.09756671750083253,5123242.241005217,9.53372960388152e-05,132940449.20258215,350237.7964849556,0.026334286
2025-01-15,132030336.02589433,-0.009303228699910276,5190726267.959668,0.15170427453298033,5143559.469457522,0.00015242796709756255,131507492.49964549,522843.52624883875,-0.0064153075
2025-01-16,132775307.43503599,0.005827398783055719,5215078770.846347,0.1844462690900263,5167981.479799597,0.00018497271973378008,132137871.0083365,637436.426699487,0.0011458397
2025-01-17,133963563.98681293,0.009090803925119264,5233914411.460236,0.14186102052977434,5186759.214011993,0.00014142489725797996,133460718.0973114,502845.8895015265,0.0031471252
2025-01-20,134615746.04025924,0.005046709689845541,5257736004.241898,0.17782143198285566,5210652.377024177,0.0001783556834493907,133993652.85272786,622093.1875313926,0.0045484304
2025-01-21,135503638.2291657,0.006771335588104963,5281345455.571197,0.17538402470568445,5234288.579999424,0.0001755827506848812,134851677.95271572,651960.2764499788,0.0007650852
2025-01-22,136660682.71287483,0.008693216161937509,5302302666.147657,0.15466160798588818,5255206.514145413,0.00015437175281310983,136108193.2315132,552489.4813616397,-0.009286106
2025-01-23,135064654.18496037,-0.011512249039300095,5325025637.267125,0.1662729226020982,5277963.2287884895,0.0001665198372445431,134467434.37102714,597219.81393321,0.0017697811
2025-01-24,137498983.23800713,0.018220143612333973,5351526008.837934,0.19620508215656665,5304531.571941929,0.00019670833434375966,136792388.60196316,706594.636043956,0.0076556206
2025-01-27,135447543.98041245,-0.014745281877517682,5375513080.677368,0.1744527215733198,5328509.56382011,0.00017438668500315737,134783087.2587557,664456.7216567313,-0.004117012
2025-02-05,137847327.1180062,0.017917668158686856,5402599992.111791,0.19998082385561475,5355630.5721765375,0.00020023255911048366,137141797.56069496,705529.5573112248,-0.0057635903
2025-02-06,140800082.56089407,0.02160335700279023,5426108041.920605,0.17053685624741668,5380840.14889936,0.00018288041741455841,136716708.75228736,4083373.8086067196,0.012582064
2025-02-07,143561385.28733745,0.019816701516857747,5454765044.217597,0.20352972651559736,5409730.632114145,0.0002051879706980329,139039940.126358,4521445.1609794535,0.012977481
2025-02-10,144335690.8976444,0.00560375288484423,5486716202.56578,0.2225609503853183,5439907.548763348,0.0002102021834687918,143392906.05127794,942784.8463664735,0.0021476746
2025-02-11,142924038.3559638,-0.00958916833861658,5514400625.421762,0.19180580134968264,5467500.853155911,0.0001911745059101907,142191083.74082744,732954.6151363626,-0.0045936108
2025-02-12,146664710.79403448,0.026321113153242058,5535721460.741392,0.14917599282024496,5488748.200970857,0.00014866182105789796,146099978.5360791,564732.25795537,0.009456158
2025-02-13,144634828.70097125,-0.013662280367620723,5561754364.294442,0.17749943672277652,5514855.895129984,0.00017800937947363928,143946622.92501795,688205.7759532845,-0.0037552118
2025-02-14,146559599.6921509,0.01347247668473036,5585584866.435761,0.1647632341072441,5538674.261424144,0.00016467932729677032,145919483.97680965,640115.7153412392,0.008673191
2025-02-17,146624701.01487842,0.0006283101995493263,5612522748.863408,0.18380155570996223,5565657.830025057,0.00018411327990518957,145920196.52160013,704504.4932782813,0.0021299124
2025-02-18,142964477.7196306,-0.024798480760712335,5636698160.931771,0.16487953190035862,5589811.29811022,0.00016472987101069295,142328014.66083607,636463.0587945231,-0.008770287
2025-02-19,145492573.86215228,0.017858782490169894,5661746036.90942,0.17520349374318306,5614886.667004163,0.00017539579966933703,144826200.33966228,666373.5224900055,0.0069975853
2025-02-20,144923806.2378952,-0.0037304112587242546,5687742630.978769,0.17867986921435525,5640907.155665108,0.0001788441015937891,144235664.02087495,688142.2170202499,-0.0028577447
2025-02-21,150742983.7660351,0.040246761756368085,5701424860.69982,0.09440981489673698,5654443.530007808,9.340338688372094e-05,150360088.68005833,382895.0859767799,0.012609124
2025-02-24,150594553.4823742,-0.0008273817839560895,5725002215.765897,0.15640764483387917,5678151.81484152,0.00015727620776373656,149973507.14595902,621046.3364151577,-0.0021919012
2025-02-25,149475755.45179847,-0.0072930521857791425,5745531107.907665,0.1363189548828616,5698655.907976179,0.00013615428088545827,148924811.22273484,550944.229063639,-0.011101484
2025-02-26,150344026.93242192,0.005983774131061435,5771580629.211452,0.1742725515923984,5724813.586046062,0.00017499612556444384,149602926.84923178,741100.0831901552,0.008734822
2025-02-27,148604743.13997865,-0.011419564904172211,5792537823.268811,0.13939492299737147,5747234.004979931,0.0001491274338683648,144959613.72270668,3645129.4172719754,0.0020656586
2025-02-28,143662082.5430817,-0.03306979793082202,5822239830.754963,0.1998725401259488,5775565.774676073,0.00019065185334936002,142785760.47552672,876322.067554981,-0.019674301
2025-03-03,142112146.05076718,-0.010586713997788162,5851303663.030281,0.20230691189237368,5804592.88678035,0.00020205131089876468,141338291.43739903,773854.6133681643,-0.00040614605
2025-03-04,142632992.54405272,0.0038318135340530413,5875061875.258456,0.16717932202422683,5828293.638085465,0.00016677498696451122,141997760.52810946,635232.0159432655,-0.00083583593
2025-03-05,143848552.89073408,0.008684992178555145,5898266329.420552,0.16268644265406718,5851499.716053121,0.00016269782715586342,143233279.34164187,615273.549092202,0.004465699
2025-03-06,147339497.78566796,0.024439148955714866,5922827642.820448,0.17074425085494044,5876091.03227992,0.00017095282317840458,146688809.89899343,650687.8866745173,0.01375258
2025-03-07,146041753.93570122,-0.008658513265911754,5943361890.089704,0.1393668878872278,5898093.886076673,0.0001493343884527165,142475855.84782884,3565898.087872393,-0.003091395
2025-03-10,145881552.55809334,-0.000909265559933472,5972113482.462275,0.19687241215433257,5925504.526518543,0.0001876904358046712,145024968.97206753,856583.5860258136,-0.0038564801
2025-03-11,146033050.3438491,0.0012073753214590817,5996838934.8135,0.16948991779738304,5950140.527177568,0.0001688767375108222,145380006.14288628,653044.2009628154,0.0032122135
2025-03-12,145071117.12998676,-0.0064255992395024445,6020421897.180496,0.16149058251859713,5973723.883808238,0.0001614932823435621,144440867.7583051,630249.3716816502,-0.0036002398
2025-03-13,143661280.4513026,-0.009546770105492642,6045273353.610061,0.17130533576367962,5998599.958305434,0.0001714750323105764,143006671.01885548,654609.4324471192,-0.0039850473
2025-03-14,146569281.0502787,0.020447398808943487,6074698782.767825,0.20482505143575472,6028098.85412059,0.00020533643945318183,145797237.1988642,772043.8514145017,0.02428174
2025-03-17,145923999.45705256,-0.004237117734943251,6098944933.568172,0.16542450523469512,6052349.147210707,0.0001654527668850229,145167921.31919003,756078.1378625301,-0.0024384856
2025-03-18,146938350.7875633,0.007126728663440025,6124580112.278334,0.17567486366563023,6077958.566314355,0.00017549833611286666,146259401.28183186,678949.5057314271,0.0027347803
2025-03-19,145648942.842231,-0.008567928161333758,6154958897.796235,0.2067451101436525,6108409.277953941,0.00020723460877556106,144856591.8047663,792351.0374647095,0.00061130524
2025-03-20,144390681.54877168,-0.008485869474505007,6177347576.660413,0.1537167275455575,6130712.653354455,0.00015313104898174746,143791240.81403428,599440.7347373897,-0.008772731
2025-03-21,140861765.72438455,-0.024276976583714503,6200867444.358201,0.1628904818891917,6154259.28287548,0.00016307582503564722,140232347.97269392,629417.7516906341,-0.015167356
2025-03-24,141782891.17895958,0.00672042538031746,6226356004.4909315,0.18094732805353558,6179784.813790934,0.000181209789499574,141105057.39273986,677833.7862197128,0.0051472187
2025-03-25,139610873.41083467,-0.015159141666611618,6249095831.56485,0.16038484534227715,6202495.648632215,0.00016018036204816394,139013734.92472625,597138.4861084078,-0.0006480217
2025-03-26,139473008.2390421,-0.0008119718360054971,6273565754.013604,0.17527232550681324,6227000.723215056,0.00017552411201331665,138830070.55934668,642937.6796954148,-0.0032907128
2025-03-27,139598606.12072083,0.0010792471000892372,6298475326.593128,0.1785978010657922,6251928.681219034,0.0001787296217290613,138943825.5501183,654780.5706025409,0.0033295155
2025-03-28,139260705.96493602,-0.00224957309641469,6322336794.9057455,0.17092913013746422,6275791.568377685,0.0001709392938924832,138626950.58942416,633755.3755118661,-0.004384041
2025-03-31,139018501.23428506,-0.0015494839931403759,6348716504.934101,0.18942680094554207,6302214.064262549,0.0001897340366170298,138325596.64164057,692904.5926444884,-0.00711596
2025-04-01,138967412.83377972,-0.0001694875687029239,6376213418.025526,0.19779319189382535,6329740.55698896,0.00019800596670238086,138242875.46388686,724537.3698928799,9.512901e-05
2025-04-02,138985762.1013516,0.00032089184186271866,6402463266.0450945,0.18889211135394846,6355984.798480222,0.00018885176715963521,138298682.02956337,687080.0717882351,-0.00084626675
2025-04-03,136888113.3969807,-0.014919023767331752,6426591975.262875,0.17360561868333613,6380101.614740327,0.00017352004907177806,136248936.05680174,639177.340178954,-0.005892813
2025-04-07,123974487.79999015,-0.09423965614792469,6435483215.076855,0.06495260686510575,6393438.4744612975,9.742891029766117e-05,114457407.50555216,9517080.294437986,-0.07045448
2025-04-08,122963230.61202666,-0.007932013057651666,6467585187.234591,0.2589401475045931,6421328.406379584,0.00022496509090871947,121898120.72840627,1065109.8836203963,0.017083406
2025-04-09,124925210.96976948,0.01608700284592387,6484013531.2981,0.133603712115735,6437457.889436434,0.00013117322126759593,124473952.58252591,451258.3872435759,0.009869218
2025-04-10,128488868.88964754,0.0287128791384553,6507230839.930813,0.18584966519152565,6460762.45347939,0.00018654812637134617,127886404.24596389,602464.6436836645,0.013108969
2025-04-11,129483967.56026289,0.00793108369125768,6531158755.821587,0.18622559368410524,6484719.755422874,0.00018645429873042453,128846688.11309978,637279.4471631069,0.0041229725
2025-04-14,130732883.33536604,0.009844717399054927,6556943844.735418,0.1991373094265985,6510537.0486589065,0.00019938602224261123,130057012.5370358,675870.7983302413,0.002298355
2025-04-15,129916926.6600787,-0.006059681015332416,6580712985.934465,0.1818145564652824,6534294.152719257,0.00018172248216546534,129288887.243201,628039.4168776954,0.0005559921
2025-04-16,128280362.22737938,-0.012423277784950051,6603275105.866512,0.17366574558124806,6556864.516553439,0.00017372920076254617,127658405.37006386,621956.8573155226,0.003081441
2025-04-17,128195085.6217297,-0.00047705257406992305,6627315636.396751,0.18740616344399472,6580944.645199926,0.00018771484760702462,127518012.66056621,677072.9611634947,-0.00015902519
2025-04-18,128949483.44088517,0.006062719430812352,6650156096.131639,0.1781695423355258,6603757.66257797,0.00017795547518381153,128350108.21078642,599375.2300987476,7.9512596e-05
2025-04-21,131610396.82792534,0.020819563340137064,6673889615.542445,0.18405284594790106,6627516.213713266,0.00018424696634157306,130984716.69998474,625680.1279405886,0.003276348
2025-04-22,130160152.92010643,-0.010831219387867462,6698607586.688157,0.18781169072857923,6652259.039764624,0.00018800054287282687,129509505.80692412,650647.1131823091,-0.00024569035
2025-04-23,132398838.72751029,0.01737939039453008,6722029764.645086,0.17994891240874594,6675677.343771026,0.00017991914945563896,131779357.81939028,619480.9081200068,0.00077438354
2025-04-24,129955778.43151587,-0.018273213226016122,6745708734.665514,0.17884575308973313,6699385.428820725,0.00017906565705226924,129301775.549901,654002.8816148802,-0.00066548586
2025-04-25,131202806.42428437,0.009764902833444477,6767710111.471439,0.16929894977713253,6721362.98508062,0.0001691156524561731,130618422.19098826,584384.2332961038,0.00069499016
2025-04-28,130186953.49712889,-0.007539612687095939,6794273847.189975,0.20246316708069084,6747997.568336973,0.00020300315200744737,129487508.77145217,699444.7256767121,-0.0014179945
2025-04-29,130597377.56814486,0.0032739986880364713,6810208157.10025,0.12239559711816185,6763805.412270069,0.00012142417890933117,130166672.64075844,430704.9273864138,-0.0017294288
2025-04-30,132999709.21233717,0.018537236391527386,6828754874.343686,0.14201446911717888,6782388.228172018,0.00014229088093482335,132515389.7838257,484319.4285114724,-0.0011946559
2025-05-06,137280270.4869295,0.032356395210111605,6851518976.718959,0.17115903869330515,6805218.107683981,0.00017165360471212913,136687226.66455096,593043.8223785581,0.0100700855
2025-05-07,136426340.89632514,-0.006068388682543177,6872385949.958688,0.15200271070062962,6826077.658528997,0.0001519486432466043,135869001.41422087,557339.4821042796,0.006062746
2025-05-08,138443610.2718307,0.014966618872864988,6896892941.96871,0.1796353391068799,6850649.3314382825,0.00018010944769059441,137781480.66411188,662129.6077188374,0.0055511
2025-05-09,136474686.1101905,-0.01405730071015741,6919693115.749985,0.1646892459428586,6873430.032087518,0.00016454858844338165,135874283.46719873,600402.642991777,-0.0017493367
2025-05-12,139663804.22713822,0.02359243758720941,6950230605.635759,0.2237593707386764,6904082.429428472,0.0002246013397400698,138864239.07112497,799565.1560132364,0.011556983
2025-05-13,138805525.45475218,-0.005964412923689389,6975547418.667832,0.18126967951481365,6929348.602910548,0.00018090709774012275,138132505.5722113,673019.8825408891,0.0014522076
2025-05-14,139732870.5612454,0.006876746562299375,7002693372.379664,0.19556825005990908,6956533.916416439,0.00019585181077501592,139008316.40409106,724554.1571543608,0.012050033
2025-05-15,136839874.7632637,-0.020526153950909717,7027535285.041565,0.1777814522962385,6981351.301255485,0.00017760591863149529,136189193.6366543,650681.1266094111,-0.009132087
2025-05-16,136706816.64664465,-0.0007845004400027595,7053210637.516791,0.18763063412360895,7007058.475912833,0.00018786318462963846,136018198.33045104,688618.3161936132,-0.004635036
2025-05-19,136082275.63971418,-0.0043940053656743305,7077079738.299184,0.17460066270205515,7030908.99697369,0.00017446475344755518,135454667.2876524,627608.3520617788,-0.003070116
2025-05-20,137111997.35716864,0.007754427644152255,7102561957.006852,0.18725597134437974,7056427.439618973,0.0001875221627895538,136437459.57252255,674537.7846460943,0.0054215193
2025-05-21,137070625.85431254,-0.00014649386374640424,7122449214.659349,0.14504389138677748,7077712.87621624,0.00015524124079251695,133621015.61672378,3449610.2375887493,0.0046714544
2025-05-22,136727757.40045673,-0.002321215768442241,7148478780.947843,0.18989893805664132,7102410.831948776,0.00018018416111112052,135966066.23051232,761691.1699443939,-0.00064086914
2025-05-23,135620374.9578519,-0.007922821071934342,7172643123.150828,0.17673325930602182,7126523.71710295,0.00017635691254374434,134985710.77068666,634664.1871652333,-0.008073866
2025-05-26,135143128.1058952,-0.0033409551760336617,7196771091.47987,0.17790813759761373,7150668.9753685845,0.00017803562534860956,134498029.30381098,645098.8020841996,-0.005708039
2025-05-27,133782983.3093079,-0.00988215013674948,7221399450.523897,0.18223907785180973,7175309.090063448,0.00018232606452291163,133139013.32024543,643969.9890624699,-0.0053651333
2025-05-28,133407497.05076012,-0.002630440686368648,7244977679.05309,0.17624235867636298,7198887.14617065,0.0001762410698578074,132787449.96178536,620047.0889747636,-0.00082302094
2025-05-29,135107184.95467454,0.012928626154509244,7270028390.335354,0.18777588843250861,7223974.8978343,0.00018805353685711354,134438144.8545952,669040.1000793418,0.005854726
2025-05-30,133968548.05198105,-0.008240883135233985,7295242068.92462,0.18661982038723146,7249209.278585879,0.0001867730480806379,133283338.00802585,685210.043955198,-0.0047866106
2025-06-03,133936961.14802633,-7.293854138477445e-05,7317095334.814733,0.1631223612398457,7271024.712054246,0.00016283996345099137,133349231.3810324,587729.7669939306,0.0030674934
2025-06-04,135383339.72995424,0.010972498571222546,7340318532.499712,0.17338901439844748,7294269.244956944,0.00017354830737878482,134776184.0604204,607155.6695338516,0.0043432713
2025-06-05,135415981.48468727,0.0004291123569530097,7365716072.534546,0.18759723379179258,7319722.154227609,0.00018800621495551045,134723540.25276238,692441.2319248831,0.0022797585
2025-06-06,135272651.94149,-0.0008834861096109095,7389425716.734666,0.17508748923258396,7343413.558763834,0.0001749527956484509,134640381.44188955,632270.4996004491,-0.00092321634
2025-06-09,136824940.50576803,0.011650034548868251,7413062773.997734,0.1747364077204018,7367056.063121186,0.0001747766752408913,136205418.3219567,619522.1838113316,0.0029091835
2025-06-10,135877761.44463772,-0.006739251061513177,7438109803.752532,0.18305894862597835,7392137.498706526,0.00018331040739084513,135214509.035331,663252.4093067045,-0.0050911307
2025-06-11,136593783.8343717,0.005451089928866738,7462763972.530893,0.18144373675457157,7416797.005940378,0.00018148302541692155,135944514.0213184,649269.8130532829,0.007543683
2025-06-12,136829564.28883946,0.0018948205303320402,7485805901.575096,0.16868944103739414,7439837.2573977085,0.00016867715946187187,136206689.90098915,622874.3878503288,-0.0006239414
2025-06-13,135903937.88200995,-0.006597389833701271,7508711717.192102,0.16740399442223922,7462745.687838251,0.00016742310449943324,135298742.27752814,605195.6044818149,-0.0071989894
2025-06-16,136242844.9397872,0.0026489614456607115,7528396980.51547,0.1448468942854151,7483842.921823908,0.00015523637000109018,132834805.24471244,3408039.6950747725,0.0024895668
2025-06-17,135722520.299216,-0.0036440683338721473,7553567331.063243,0.18474621958237475,7507689.325433383,0.00017502866752389153,134986220.88434145,736299.4148745458,-0.000882864
2025-06-18,135771633.6374423,0.0005458246755983778,7578561570.618232,0.18415690704745363,7532656.687820808,0.0001839588767758057,135114055.92008215,657577.7173601394,0.001185894
2025-06-19,134160780.4914642,-0.011684780042118098,7602948864.696968,0.17961995024571115,7557048.158786345,0.00017965071430657594,133519240.47146864,641540.0199955544,-0.0082271695
2025-06-20,133437989.21477932,-0.005226253317052459,7624607117.881589,0.16143505654395648,7578681.211409364,0.00016124721803027225,132868483.37060848,569505.8441708386,0.0009237528
2025-06-23,133931320.89530218,0.003876991820101837,7648565393.918362,0.1795461410783846,7602687.523563041,0.00017990612939346187,133289749.12947236,641571.765829822,0.002927184
2025-06-24,135612267.34555128,0.01273139412322414,7672740097.558908,0.18050074828609236,7626873.505076032,0.00018058495467163826,134972325.8163476,639941.5292036692,0.011957288
2025-06-25,138269971.0764859,0.019768803982906664,7695926642.152205,0.17097674898551596,7650062.1049731495,0.00017099190472223935,137649107.53953847,620863.5369474269,0.014354348
2025-06-26,138665885.83111224,0.0030476067092945415,7721357760.764557,0.18392365612258538,7675539.841893476,0.00018426081036954577,137977263.4151325,688622.4159797323,-0.0035479069
2025-06-27,138799779.55408573,0.001095384422750847,7739445329.709957,0.13043993363609235,7693538.570226328,0.00012979925253406248,138306837.09153378,492942.46255194023,-0.006147921
2025-06-30,139986779.96487585,0.00874390336241875,7765986629.157808,0.19122004035682855,7720190.018582164,0.0001920136216459239,139300191.134712,686588.8301638318,0.0036514997
2025-07-01,141144445.59365243,0.008446483154913777,7790712802.558456,0.17663220346129951,7744920.36868953,0.00017666203989812746,140474233.7001616,670211.8934908346,0.0016970634
2025-07-02,140355032.30338603,-0.005401541316981985,7817689567.925674,0.19112877771246298,7771936.104419295,0.00019140488041266644,139633895.4205336,721136.8828524454,0.00023329258
2025-07-03,142326952.4264193,0.01423705808829181,7844008715.259024,0.1875183732383658,7798258.72927342,0.00018754314984037844,141625183.1268688,701769.2995504774,0.006184578
2025-07-04,142620060.6918004,0.002240345741998025,7869761868.803385,0.18094361682953253,7824012.045732406,0.0001809447614800871,141943718.87945753,676341.8123428393,0.00356102
2025-07-07,141624630.49130967,-0.006782100314634548,7897875013.892564,0.19711914966808972,7852178.687732061,0.00019749425054952862,140869461.50000793,755168.9913017564,-0.004276514
2025-07-08,143843688.3573412,0.01585327912093837,7924052160.31462,0.18483470234834945,7878335.619279025,0.00018469196675905032,143155106.04776764,688582.3095735474,0.008393168
2025-07-09,142951553.78584826,-0.005999009459673104,7953215570.680954,0.2027437609489355,7907550.543602006,0.00020310188550229458,142189158.48730305,762395.2985451994,-0.0017632246
2025-07-10,142719137.15516388,-0.0014536991280091572,7977868708.961217,0.17245799452585964,7932158.62520034,0.00017214280605301217,142071463.30207694,647673.8530869596,0.004664898
2025-07-11,143950981.32531708,0.008819172354157257,8004648522.563794,0.18763996291164697,7958979.123855138,0.0001879250336669246,143248757.8664421,702223.4588749665,0.0011945963
2025-07-14,144319532.76301718,0.0027660267283915636,8034216233.333276,0.20540124490475772,7988599.948079067,0.00020577021393823305,143540703.21947554,778829.5435416433,0.0007123947
2025-07-15,146493301.8741342,0.015228016732192736,8058207272.261274,0.16623556402024608,8012531.0966594955,0.0001658205796697308,145858184.17431214,635117.6998220715,0.00034594536
2025-07-16,145669723.7050974,-0.005444106480425533,8084224918.339473,0.17760297396090213,8038584.131624393,0.0001778445473724267,144989881.2668414,679842.4382560086,-0.0029509664
2025-07-17,147754540.94735086,0.014463078787506094,8104788804.939714,0.14116788360134763,8060599.580272009,0.00015113263132279228,144193589.8629937,3560951.0843571853,0.0068101883
2025-07-18,148194121.39640662,0.003170591959938493,8135012401.564374,0.20455274288611586,8089488.490788321,0.0001955196119935582,147331431.43925673,862689.9571498884,0.005963564
2025-07-21,148910563.70898277,0.005009133693725242,8160956514.410101,0.17506843457257446,8115370.344910925,0.0001746483185616553,148198273.0521986,712290.6567841824,0.006667495
2025-07-22,149633753.1612296,0.004995398511141802,8176865183.684555,0.10683371869805403,8136048.5009092195,0.000138862922033562,139403167.21276712,10230585.948462494,0.008162856
2025-07-23,149189658.72781366,-0.00279531039364737,8204194599.764903,0.18264205436924855,8161870.148873119,0.00017256566395201285,142000430.66021404,7189228.067599612,0.00019657612
2025-07-24,150031717.8131404,0.00582306662726906,8232392734.087135,0.18900863882045482,8188552.386417979,0.00017884776848736285,145900965.53783193,4130752.2753084637,0.0071048737
2025-07-25,150239128.0439149,0.0015598902340046017,8260649541.441943,0.18833889104703036,8215175.1670511095,0.0001774476825379545,149403051.99259463,836076.0513202925,-0.0052734613
2025-07-28,152078894.20437452,0.012407256390053068,8285021330.267317,0.1622199831874009,8239464.388050366,0.00016167040714025553,151432243.0262849,646651.1780896103,0.0020982027
2025-07-29,155211071.43710342,0.020755317628787063,8309279866.607273,0.15951284014043346,8263732.909167965,0.00015957849538927453,154568719.22484636,642352.2122570546,0.003916979
2025-07-30,154969606.66195503,-0.0013721202360403564,8337709970.206684,0.18317059044935344,8292229.432340002,0.00018359852108607125,154222911.82761902,746694.8343360163,-0.00018793344
2025-07-31,151651280.25426158,-0.02121932155084721,8367652593.983762,0.19321610489980404,8322205.925665109,0.00019343466096869786,150866822.81719002,784457.4370715697,-0.018223405
2025-08-01,151171492.6275123,-0.002994422884895549,8393365249.826761,0.16955119534691104,8347885.488297317,0.000169332976214595,150478901.17465678,692591.4528555344,-0.005069196
2025-08-04,151356413.12501416,0.0014051941837059981,8420841276.199478,0.1817540191947303,8375390.2929778015,0.00018194438781031548,150633769.86130515,722643.2637090199,0.0038890839
2025-08-05,152416004.33359668,0.007183517735898828,8448502656.703282,0.18275658052861657,8403070.56252085,0.00018288137893559994,151683263.26094314,732741.0726535209,0.0080451965
2025-08-06,152992735.01919246,0.003940704235953337,8472435151.200069,0.15702087586816296,8426966.270829557,0.00015677952202712868,152357462.03100452,635272.9881879329,0.0024467707
2025-08-07,152254820.4812119,-0.004645034751009877,8499636058.048674,0.17779214709242197,8454224.237993918,0.00017816510804217223,151532684.82867733,722135.6525345882,0.00028681755
2025-08-08,151836599.3421524,-0.002578140562899668,8525326390.387341,0.16873247268934305,8479911.048473813,0.00016870934134439447,151147194.2176444,689405.1245079986,-0.002357483
2025-08-11,152817822.47645605,0.006650813757430945,8553894602.216571,0.18815102520080804,8508524.85795647,0.0001884513325945822,152065835.85457912,751986.6218769355,0.0042728186
2025-08-12,153204103.90004134,0.0027100135433648104,8581747819.041325,0.18226419126633597,8536381.80294989,0.00018228858743037885,152472517.8858243,731586.0142170433,0.0051715374
2025-08-13,156370241.1670448,0.020723633880918295,8590789057.245224,0.0590143343013734,8545190.294225067,5.74951391701853e-05,156112957.50155404,257283.66549075022,0.0079033375
2025-08-14,155007367.27271116,-0.008549648094947232,8616536575.499426,0.16465740579562532,8571153.654058434,0.00016603772968305032,154344363.80872434,663003.4639868271,-0.0007829666
2025-08-15,156438947.33164746,0.009360342587075835,8635920409.834686,0.12505105193585783,8590495.6563154,0.0001247811803869686,155878950.02650988,559997.305137583,0.0069584846
2025-08-18,159193146.22742647,0.01780483106078205,8666952601.682259,0.19836615099297938,8621665.78910295,0.0001992479067343109,158388437.17512757,804709.0522989184,0.008818865
2025-08-19,159678950.5128698,0.003257077399751361,8699611966.87106,0.2051555984837626,8654365.902432278,0.00020541156516005137,158825445.29284447,853505.2200253182,-0.003783524
2025-08-20,161611244.64529824,0.012259717083361462,8725013089.812904,0.1590762142427637,8679690.5274597,0.00015859714098872882,160936059.8791476,675184.7661506673,0.011372447
2025-08-21,161922975.31076965,0.002102137131097039,8752967555.671589,0.17297352000498822,8707688.860159984,0.00017324495434543858,161188055.19411233,734920.116657312,0.0039026737
2025-08-22,164737595.68185955,0.017546216954206852,8779468295.316532,0.16366262782710025,8734204.143743522,0.0001637524479317979,164000102.97158945,737492.7102701045,0.020972133
2025-08-25,169598190.20062652,0.02958023581608997,8791166806.831837,0.07101300384337692,8746586.553021643,7.516444092114646e-05,167505284.37400466,2092905.8266218535,0.020835996
2025-08-26,168940973.8092223,-0.0036848074431887774,8824024249.511326,0.19373698882411633,8778866.27082324,0.00019033055578842917,168035797.4561843,905176.3530380204,-0.0037209988
2025-08-27,167326443.5579206,-0.009392971090601793,8851757375.088865,0.16415867005038845,8806538.839116806,0.00016380021773057443,166570054.34112507,756389.2167955209,-0.014926076
2025-08-28,171645906.94082466,0.02594505509025069,8873664965.810053,0.1309272476923482,8828369.252378726,0.0001304660088252192,171065703.0558279,580203.8849967807,0.017703533
2025-08-29,174146032.7664741,0.014746433735106075,8904572809.127184,0.18006746486408556,8859408.41933434,0.0001808325494549386,173334220.7714681,811811.9950060062,0.0073883533
2025-09-01,176514894.62156704,0.013730472025515068,8926898418.58401,0.1282005056455314,8881653.795495901,0.0001277397814246562,175885794.59325203,629100.0283149956,0.005993247
2025-09-02,174729580.16936344,-0.00982941759569016,8976819651.882372,0.2828159822171926,8931929.636604877,0.00028482492209375913,173441540.36093345,1288039.808429977,-0.0073522925
2025-09-03,172894536.8833187,-0.01033651867117365,9005996469.540218,0.16698270338408464,8960877.354822665,0.00016567153763964615,172093643.67322394,800893.2100947574,-0.00681901
2025-09-04,167870732.788055,-0.028833636988442293,9044484979.299232,0.22261264267123063,8999503.136307897,0.00022340660486744568,166833921.90701255,1036810.8810424572,-0.021216035
2025-09-05,173135882.96966332,0.03152500702004012,9071606417.324972,0.161561444185639,9026478.984302292,0.00016069416953372643,172417227.99930742,718654.9703558842,0.02178824
2025-09-08,174065916.0068334,0.005611349655720007,9112898368.01268,0.23849447023609213,9067971.924426809,0.00023965534707665224,172986775.10297945,1079140.9038539622,0.0016254187
2025-09-09,172382258.21701944,-0.009445500660972682,9152418749.484617,0.22704261913277557,9107489.989545414,0.00022702931179849068,171347268.08494976,1034990.1320696892,-0.007008195
2025-09-10,172970866.24144527,0.0035479984665145394,9174014627.034029,0.12527900360966263,9130493.952927878,0.00013344739545935883,169142708.40665802,3828157.834787252,0.0020512342
2025-09-11,178804633.41908818,0.033934975499261374,9211373020.74479,0.21598084418801813,9166488.883274429,0.00020809822560699954,177739397.24306828,1065236.176019922,0.023095965
2025-09-12,178285990.5835549,-0.002680042581446282,9250806743.667994,0.22054083369740404,9205927.68748467,0.0002205692517922839,177250030.6376695,1035959.9458853807,-0.005723357
2025-09-15,179312697.68029875,0.005938505792371657,9282927449.827505,0.18016393803223696,9237972.978519978,0.0001797409371898424,178459613.2738584,853084.4064403409,0.002445817
2025-09-16,178982777.06889632,-0.0016414673456240157,9318456516.738987,0.19814027322720643,9273557.652024439,0.00019845038284965988,178054064.1499991,928712.9188971985,-0.0021442175
2025-09-17,180269523.17891425,0.007348974001894739,9347117980.214285,0.16013531550169877,9302151.317472754,0.00015975651912758512,179504999.9794342,764523.1994800707,0.0061192513
2025-09-18,177277968.29194453,-0.016424568857329024,9377788071.124886,0.17013464267146894,9332857.008112522,0.0001703321232468838,176472951.32476574,805016.9671787936,-0.011625946
2025-09-19,178934956.66108853,0.009516768529050772,9407906798.71302,0.16989549168644977,9362982.028503368,0.00016993098849844336,178147479.10887873,787477.5522097796,0.000846982
2025-09-22,179759755.94099936,0.004779536968138353,9438312039.78263,0.16992342713223774,9393408.988846442,0.00017004480796172316,178959266.8022123,800489.138787061,0.0045958757
2025-09-23,178546776.04004136,-0.006516018150680028,9479795886.111374,0.23077382427220686,9435071.05733108,0.00023176527063327893,177431504.65794942,1115271.3820919292,-0.00062572956
2025-09-24,180413913.11958873,0.010653433926693344,9514866032.552282,0.1964199366615475,9470070.259150399,0.00019602259192554822,179475530.18249044,938382.9370982796,0.010241628
2025-09-25,181717789.53001806,0.007415203045472525,9546501853.38371,0.17535133673675424,9503999.64673106,0.0001880641409189476,176226202.48203942,5491587.047978647,0.006005168
2025-09-26,180974559.91682124,-0.0038831619813692827,9586235848.068665,0.2186577042771589,9541589.648286449,0.0002068592274460794,179808549.12953576,1166010.7872854853,-0.009456813
2025-09-29,185669449.2977385,0.026119449114153846,9616231689.148716,0.16574617500845412,9573656.076072996,0.0001771874886795466,180394331.525249,5275117.772489487,0.015384436
2025-09-30,187005270.33378807,0.00739879984096705,9656182058.423565,0.21516932067151634,9611566.13195997,0.00020418036478462507,185848689.3929364,1156580.9408516474,0.0044674873
2025-10-09,191295849.75798553,0.02301925475457871,9670686523.158455,0.07756179656862495,9625708.666024832,7.562639298678423e-05,190877272.6912564,418577.0667291151,0.014823198
2025-10-10,188222027.5707814,-0.015876278520288587,9707163891.404512,0.19068562277857146,9662464.662695896,0.00019214215424728245,187282949.65070766,939077.9200737327,-0.01967305
2025-10-13,186942723.8488455,-0.006580089965416233,9747859667.267588,0.21621154754467564,9703250.509742998,0.00021669008443639295,185864289.407765,1078434.441080518,-0.0049492717
2025-10-14,182867386.61671752,-0.021647545415705637,9776489729.551601,0.15314884524290384,9731736.637217391,0.00015237890455381645,182105307.92234474,762078.6943727643,-0.011954844
2025-10-15,185668203.91190213,0.015434062327329953,9798142650.45692,0.11840777793091581,9753305.98471114,0.00011795076143871172,185094841.38816842,573362.523733709,0.014811516
2025-10-16,184523624.2227005,-0.0059321576901771,9841020574.830599,0.2309384346391555,9796472.610255403,0.0002324933652330973,183416025.98333296,1107598.23936754,0.0026333332
2025-10-17,178459481.18664488,-0.03270009126838171,9871360498.72727,0.16442297849111295,9826676.29305615,0.00016368463890723716,177654568.82193586,804912.3647090201,-0.022559702
2025-10-20,180907492.41671506,0.013931389978773598,9909414927.472918,0.21323848132141301,9864853.690806737,0.00021392753972347253,179894819.4398796,1012672.9768354492,0.00531435
2025-10-21,186422690.14917025,0.030671311298089542,9942936500.439543,0.18529676421255822,9898325.974421384,0.0001850243081007625,185542068.1599075,880621.9892627541,0.015347362
2025-10-22,185714377.46144953,-0.0036013053614312035,9979825098.169252,0.1978761152957958,9935273.628615465,0.00019819290325934422,184752590.1976382,961787.2638113182,-0.003320396
2025-10-23,185539571.65537217,-0.0007887511078505771,10008238452.35763,0.15299490850823008,9963597.013726328,0.00015251045986863296,184786045.93170583,753525.7236663387,0.0029982328
2025-10-24,189816885.92238542,0.023179779527220373,10031744811.48908,0.12669189069333525,9987049.111259509,0.00012639943772610446,189195335.49279124,621550.4295942029,0.011796832
2025-10-27,193134831.1012587,0.01767001588043287,10067688485.875172,0.18935973062369335,10023171.321009103,0.0001903002969101727,192192332.15441212,942498.9468465671,0.011873841
2025-10-28,191287365.36611918,-0.009392696693778405,10101112154.541153,0.17305873039782033,10056580.166610379,0.0001729819805716952,190407921.3942808,879443.9718383783,-0.005099654
2025-10-29,195271406.19860676,0.020981298651586062,10128576851.100763,0.1435782050060841,10085996.675144402,0.000153781764298552,190517754.78648958,4753651.41211718,0.0119075775
2025-10-30,193018062.95295948,-0.01138081141212478,10159503339.386719,0.15837694257448373,10116992.872664927,0.00015873392896550677,188155989.26922512,4862073.68373435,-0.00798893
2025-10-31,188426342.87497008,-0.023620540840004475,10191885524.114285,0.16776763911187753,10149521.911815392,0.00016852847165082653,183303089.38458842,5123253.490381667,-0.014700949
2025-11-03,188547177.77421066,0.0008168371165468007,10226972469.959423,0.18621040619792967,10182600.643170258,0.00017555258383810751,187473431.99572608,1073745.7784845713,0.0027432442
2025-11-04,186025531.14231732,-0.013202124645384561,10259467638.463945,0.17234502731956028,10215023.932552984,0.0001719638011317971,185127966.89681065,897564.2455066615,-0.0074569583
2025-11-05,186065444.39056927,0.0003862798829101439,10291420684.356884,0.17176699185711877,10246968.60468899,0.00017172197783737472,185216572.33106366,848872.0595056256,0.0018533468
2025-11-06,191422412.6105482,0.02897850586830876,10326299048.589413,0.18745213194619653,10281898.956871651,0.0001877315387447122,190504495.00295624,917917.6075919718,0.014293551
2025-11-07,190602783.82627687,-0.004123802677650438,10356580392.35148,0.1581912136050424,10312139.483457295,0.00015797798268883448,189796741.09811607,806042.7281608074,-0.0031129122
2025-11-10,189602971.78937572,-0.005010376237370448,10401202566.71599,0.2341108218292344,10356959.861498607,0.00023515070001371656,188445342.0856535,1157629.7037222032,0.0034753084
2025-11-11,186218857.17509395,-0.01766585620420807,10435905263.479527,0.18302823228998036,10391575.64025875,0.0001825698111873281,185269679.256915,949177.9181789383,-0.009133041
2025-11-12,184674127.25799182,-0.008120004635164022,10468563761.015356,0.17537696252277019,10424207.573944168,0.00017523431397033947,183810708.9743205,863418.2836713335,-0.0013455749
2025-11-13,188037464.9810819,0.018396068934830517,10502467970.752956,0.18358938656434404,10458147.826371767,0.0001837845557011002,187135901.56983814,901563.4112437768,0.01208806
2025-11-14,182595873.39699903,-0.028776354642387432,10533049930.56401,0.16263758828130886,10488706.632103518,0.0001625144528236726,181771176.95009965,824696.4468993829,-0.015722811
2025-11-17,182684280.63523564,0.0006850175935944031,10569638838.802586,0.20038190106861595,10525380.779661592,0.0002008487205969748,181725779.69689816,958500.9383374806,-0.006501496
2025-11-18,181021774.5770414,-0.008934072716161865,10600081840.476683,0.16664269946072907,10555772.190560926,0.00016636029544334996,180196846.5991337,824927.9779076865,-0.006494105
2025-11-19,181350786.0357061,0.00201600984796073,10635935994.177118,0.19806541939061814,10591702.412138853,0.00019848563335476453,180409652.52439252,941133.5113135893,0.004400015
2025-11-20,180105911.58034742,-0.006693666032662018,10666953676.895638,0.1710369356348538,10622675.271013774,0.00017078976910980974,179285398.6151049,820512.965242492,-0.005086899
2025-11-21,172599082.00381675,-0.04149711148591443,10699871643.726013,0.18277005202958355,10655629.755422516,0.0001829728081637144,171738488.3662482,860593.6375685562,-0.024390101
2025-11-24,171939657.10111204,-0.0036483920831644223,10729610530.806011,0.17230037804801526,10685345.53378306,0.00017216649135994047,171154996.68081585,784660.4202961973,-0.0012484789
2025-11-25,175821984.09194675,0.02276385388094579,10761255095.342735,0.184044594890142,10717027.773537984,0.00018426371373006327,174993655.47499636,828328.6169504011,0.009521008
2025-11-26,178050721.77499914,0.012862631348070471,10794019686.08701,0.1863509328113359,10749823.454746615,0.00018652776203162627,177193007.91054207,857713.8644570643,0.0060640574
2025-11-27,177697331.78023472,-0.0018061212035429014,10825812448.707745,0.17856014456886815,10781632.265607089,0.0001786502775353538,176839330.24715954,858001.5330751813,-0.00049358606
2025-11-28,179360756.6279187,0.009496738402816281,10850023805.69176,0.13625053759365194,10805752.492718464,0.00013573769999656153,178709135.06723684,651621.5606818395,0.00249362
2025-12-01,182869168.51740217,0.01976594640987805,10886676632.317213,0.20435254240976308,10842575.706777602,0.00020530251294338537,181913595.30341113,955573.2139910404,0.011008143
2025-12-02,181206844.3250807,-0.008891123852616364,10923071210.915073,0.1990197631067424,10878987.472985886,0.00019911375167005582,180253307.65645573,953536.6686249543,-0.004842043
2025-12-03,180239020.62688714,-0.005195876892420659,10949481638.034485,0.14574740384547397,10905282.716002282,0.0001451117539976729,179542147.4073124,696873.2195747597,-0.0051116347
2025-12-04,180346308.84893763,0.0007818881100935584,10983009269.389574,0.18601760727769792,10938921.241154864,0.00018663286693183825,179461286.55952597,885022.2894116556,0.0034252405
2025-12-05,181614994.96230346,0.007214906409105173,11015497786.29825,0.18014517245201456,10971416.867361696,0.00018018459271074475,180748249.70278955,866745.2595139258,0.008351326
2025-12-08,183885991.09117714,0.012690041241716176,11046913237.989906,0.17297829233856377,11005122.514673727,0.00018558846046289425,178472560.23822585,5413430.852951276,0.0081163645
2025-12-09,181954282.37750384,-0.01032306586790814,11082509252.112053,0.19357654115422449,11038564.03012723,0.0001818600495614756,180883290.37729126,1070992.0002125944,-0.0050911307
2025-12-10,182784061.3024298,0.0047172270433361125,11111184538.245607,0.15759610468557878,11067104.766683253,0.00015685663554106067,182010709.19383627,773352.1085935114,-0.0013896227
2025-12-11,180234394.7449745,-0.013747548008177863,11147905109.987888,0.2008959177328052,11103938.666253675,0.0002015159270888386,179271220.87966815,963173.8653063579,-0.008634865
2025-12-12,181705006.29278722,0.008337430968845613,11180021341.21467,0.1781914671293746,11136018.94283884,0.00017799197889258544,180845821.9873026,859184.3054846362,0.0063199997
2025-12-15,178754868.1916396,-0.016064188973738888,11211206380.727377,0.17162454766082383,11167213.485424714,0.00017167684711784544,177907872.2824055,846995.909234121,-0.0063064694
2025-12-16,176177720.3412041,-0.014227726712335059,11245039335.142052,0.18927011474956368,11201085.922730086,0.00018949099203865167,175285631.08787498,892089.253329128,-0.011974812
2025-12-17,181477316.21694902,0.030244818166001556,11272003425.202417,0.15305051063292346,11229953.163605569,0.00016385295949780288,176807792.5742661,4669523.642682901,0.01830554
2025-12-18,178767352.9608217,-0.014752582814712353,11306522328.932146,0.19021056983486961,11262657.283250615,0.00018021050964821177,177760101.60715276,1007251.3536689151,-0.0059150457
2025-12-19,180111610.54972932,0.007709606121980222,11340520233.756561,0.19017960640646797,11296625.573139936,0.00019001394453026978,179197557.35614407,914053.1935852384,0.0033804178
2025-12-22,184032536.8697974,0.02194206149373689,11369541449.605995,0.1611290674757531,11327719.287489995,0.00017263581317804365,179004580.38930735,5027956.480490059,0.009509206
2025-12-23,184610514.35405585,0.0033369081982453936,11407608544.979198,0.20684981047745735,11363841.484256277,0.00019628157814201012,183508477.28416756,1102037.0698883077,0.0019755363
2025-12-24,186978922.08388552,0.012993336672240568,11438035192.935406,0.1648153576878803,11394140.320664356,0.000164123026871427,186162806.94666272,816115.1372227967,0.0028847456
2025-12-25,186607066.41889453,-0.001795697948427944,11474040254.408468,0.19256214054389156,11430238.318870045,0.00019305918444376764,185641175.81462315,965890.6042713672,0.0018299818
2025-12-26,188379582.28725496,0.009676683944730667,11507292363.31391,0.17819319248498947,11463460.054098621,0.0001780304243891804,187507660.7719429,871921.5153120602,0.003166318
2025-12-29,186973088.78794703,-0.0072846677734725255,11541465729.954313,0.18140695623952335,11497670.88113837,0.00018160581218181734,186060457.3009903,912631.486956724,-0.0038371086
2025-12-30,189116295.416163,0.011632793145394029,11573280054.732862,0.17015456601153428,11529483.51854798,0.00017014554134948555,188238851.30449116,877444.111671824,0.002567172
2025-12-31,189590533.2459654,0.0026869037377433855,11607144184.773268,0.17906510893672595,11563382.969767457,0.00017925187855905679,188676346.2273691,914187.0185963009,-0.004588008
2026-01-05,192835582.8986994,0.01727141399436061,11634649550.52595,0.1450777382275603,11592829.906136103,0.00015531860090526301,188067701.58453837,4767881.3141610455,0.018965721
2026-01-06,197214780.0295981,0.022912642575351628,11675581767.287935,0.2122648535435928,11632005.562004907,0.00020315574169412436,195999196.15767157,1215583.8719265219,0.01546061
2026-01-07,198064850.9542493,0.004501276336413604,11713310994.146759,0.19131034120851062,11669652.859891945,0.00019089491102740027,197050772.32378188,1014078.6304674214,-0.0029264092
2026-01-08,196441805.07556286,-0.0080063598746073,11750565956.065353,0.18809476663378213,11706920.263328196,0.00018815758200761893,195440110.81322086,1001694.2623420143,-0.008168876
2026-01-09,196962339.14341754,0.0028174198169527726,11783510335.073606,0.1677055400482641,11739845.229971388,0.00016760672012012428,196032394.5778383,929944.5655792397,0.004489541
2026-01-12,197901266.18712676,0.004939724235217813,11815234854.782824,0.16106896296614837,11773857.8263541,0.0001726857861793818,192429180.8709403,5472085.316186444,0.0065140724
2026-01-13,196773902.25758922,-0.005515613289772614,11853216216.288229,0.19192076047402304,11809674.90204709,0.0001809845706551657,195666205.64191717,1107696.6156720538,-0.0060313344
2026-01-14,197493032.3691456,0.0037845459303779846,11878977579.930912,0.13091859920000878,11835244.661484264,0.00012994487146827634,196794113.9239271,698918.4452185133,-0.00401175
2026-01-15,198917020.99992928,0.007384986146831283,11913358440.56415,0.17408644862454992,11869739.33884243,0.00017466275617100959,198024963.78220898,892057.2177203009,0.002003312
2026-01-16,198608529.91020012,-0.0013855074151609568,11944033220.501799,0.1542089248242848,11902629.42097446,0.00016534574048362595,193318758.38584688,5289771.52435324,-0.004116595
2026-01-19,201425326.1101833,0.01437224982716111,11983721606.627739,0.19983223350923163,11940284.630665876,0.00018959512820744453,200239562.66457334,1185763.445609942,0.00054740906
2026-01-20,200801554.39225978,-0.0029150454326748103,12020418555.162857,0.18218636774128497,11976892.371686874,0.00018174348642222324,199830813.7159079,970740.676351889,-0.0032907724
2026-01-21,200695449.714731,-0.00032557324266011684,12061079110.56049,0.20249123828097182,12017621.436020963,0.00020283241560235105,199628420.2298077,1067029.4849233069,0.0008878708
2026-01-22,201171752.96467763,0.0025634433636253715,12099258396.162125,0.19023493385576556,12055789.604755376,0.00019017954213045173,200165125.38293493,1006627.5817427076,0.00013542175
2026-01-23,204366035.619199,0.016074789402557403,12138723609.27717,0.1961767123537218,12095300.512884496,0.00019640385663914604,203307528.91743785,1058506.701761162,-0.0044900775
2026-01-26,203208760.25459224,-0.005495720963227959,12170608424.460358,0.1560181714470371,12129437.17136704,0.0001670368482664699,197680703.61259907,5528056.6419931725,0.0009484291
2026-01-27,203717684.0815136,0.002680446995003841,12208567241.193134,0.18679714735338937,12165203.655228544,0.0001760085727440771,202610059.66592908,1107624.4155845298,-0.00026983023
2026-01-28,205250303.12577376,0.0076902572209753255,12240367108.43964,0.15609772607557057,12199226.00201663,0.0001670073314522495,199731741.9738196,5518561.151954158,0.002613902
2026-01-29,205870656.4226402,0.00317051694646218,12273012147.554876,0.15904989477765585,12229622.269476948,0.0001480936544180984,204880034.84798193,990621.5746582793,0.0076048374
2026-01-30,200817372.6703867,-0.024413363042426774,12297883498.818758,0.12081056958803434,12256910.946701827,0.00013255253419339273,195019387.85095412,5797984.819432575,-0.009998143
2026-02-02,193428640.59390727,-0.036625586421622155,12333900425.662771,0.1793516485405369,12290588.98547891,0.00016770480725470348,192342109.94711107,1086530.6467961902,-0.021324456
2026-02-03,201088589.643495,0.03977784196906151,12365871960.762058,0.16528852708224065,12324813.833726022,0.0001769378523367999,195529657.54929358,5558932.094201422,0.011752129
2026-02-04,202883907.0487871,0.009124799840616439,12407594844.535229,0.20748508827447615,12364389.559162676,0.00019680741461669592,201658867.35304555,1225039.6957415482,0.008276701
2026-02-05,197397532.8193459,-0.02687697987454234,12441213549.834764,0.1657041496714253,12397857.101985103,0.00016495908083226292,196508285.62065348,889247.1986923963,-0.006014526
2026-02-06,198311599.31931704,0.004788844010715629,12472431292.621202,0.15814657022591977,12429096.594785918,0.00015825675404669199,197410091.58466408,901507.7346529542,-0.0057424903
2026-02-09,201958430.12183803,0.01855898524907476,12503790813.81219,0.15813256157796504,12462727.838752557,0.00016958788130434438,196547108.07983914,5411322.041998887,0.016250253
2026-02-10,202198972.05956107,0.0013637190895887197,12540807932.326784,0.18329078163393944,12497600.467490036,0.0001726723104177498,201111502.20052704,1087469.8590340312,0.0011103153
2026-02-11,201850685.74178505,-0.0015410225095689608,12575063638.071886,0.1694158253930754,12534293.617910571,0.00018147050920578754,195925019.6823076,5925666.059477457,-0.002218306
2026-02-12,202543036.70782337,0.0036169506684510643,12612769392.062904,0.18680022736832763,12572026.62459331,0.00018693524148344056,196600598.27158797,5942438.436235386,0.0012220144
2026-02-13,198788968.77958322,-0.018360872681485535,12648112944.21044,0.17449897425266633,12607227.643319665,0.0001737952550653883,193166798.20444137,5622170.57514186,-0.012537181
2026-02-24,201618184.7939199,0.01441386867222369,12684165952.08929,0.1813632220147308,12643329.718458677,0.00018161005291517,195933981.7735895,5684203.020330397,0.010112882
2026-02-25,204470901.7173087,0.014327765009627893,12722443362.164396,0.18985098052653424,12679350.768464884,0.00017865972775732157,203335439.88477346,1135461.8325352417,0.006022215
2026-02-26,206783607.347535,0.011477759234819461,12756674502.219742,0.16741325913782984,12713512.918676272,0.00016707585247811513,205820287.35312623,963319.9944087835,-0.0019046664
2026-02-27,205608752.99201643,-0.005474064889451917,12799483015.530458,0.20702082655309154,12756420.389499499,0.00020749938243950448,204490425.44341046,1118327.5486059925,-0.0034313798
2026-03-02,206957202.7362967,0.0067323064546412825,12835303697.170687,0.17421768829860637,12792191.780118117,0.00017397795618169788,205973228.621533,983974.1147636948,0.003825307
2026-03-03,201493605.38075706,-0.026220235929396915,12872405455.469526,0.17927261196178007,12829322.452624038,0.00017941232300686038,200488933.52433157,1004671.8564254884,-0.015389085
2026-03-04,200117132.0659053,-0.006634100913648277,12912111984.723528,0.1970609894987449,12869066.855925033,0.00019724895599486185,199076456.51879886,1040675.5471064327,-0.011443555
2026-03-05,202239663.3197745,0.010793550368158905,12949554921.110556,0.18710510189950413,12906509.946540684,0.00018710587259125505,201236122.40602797,1003540.9137465451,0.009792328
2026-03-06,200366156.60616913,-0.009094054189996167,12981594222.507776,0.15842244232063002,12940838.202549448,0.00016974047249320253,194819034.7253428,5547121.880826331,0.0027433634
2026-03-09,196932754.1327547,-0.01696474720301632,13015879296.393267,0.17111210029785442,12975079.481100231,0.00017089352379047882,191507464.19988734,5425289.93286739,-0.009651482
2026-03-10,201822327.97120178,0.025012491630527173,13054220683.214512,0.1946927873430278,13011284.50717536,0.0001838446135309834,200705964.5566453,1116363.4145564828,0.012848139
2026-03-11,201420474.06617832,-0.0018162273785504127,13089590024.890335,0.17524989445602915,13046583.174534738,0.00017489971359568795,200480757.95187747,939716.1143008359,0.006361842
2026-03-12,199883199.13754603,-0.00745397613561789,13125450409.449768,0.1780374350010256,13082474.696252892,0.00017819202285444566,198917100.2275107,966098.9100353345,-0.0036008358
2026-03-13,198154295.98959643,-0.008466540119614459,13162016769.905058,0.1829386392306407,13119058.719467578,0.00018302700463340105,197189455.58398524,964840.4056111854,-0.0039295554
2026-03-16,198023134.59516734,-0.000510347480127446,13190081705.693161,0.14163173020269307,13149092.568261947,0.0001515679922273594,193150502.02581552,4872632.569351809,0.000518322
2026-03-17,194248018.62988693,-0.01886993046558812,13230353813.933823,0.20337072394593053,13187525.753153756,0.0001940843173217132,193091665.943129,1156352.6867579194,-0.0073037744
2026-03-18,195510493.24792066,0.006678168457820007,13265201762.369045,0.1793992478328473,13222272.126128163,0.0001788763315038564,194592037.85576987,918455.3921507932,0.0045046806
2026-03-19,190563137.56396696,-0.025135818830002103,13298249793.675745,0.16903456565266087,13255311.472437782,0.00016899014349947385,189695091.5122866,868046.0516803609,-0.016117394
2026-03-20,190402706.8380539,-0.0006562096180253631,13333585900.455654,0.185429916990361,13290692.834640265,0.00018566739955467893,189479531.30342734,923175.534626565,-0.0035411716
2026-03-23,184073962.69418678,-0.03307146598002552,13365454790.38826,0.16737624407678023,13322540.336807927,0.00016726391497548583,183225410.1916216,848552.5025651688,-0.03262955
2026-03-24,186931961.6526192,0.015708704136322964,13398976125.520098,0.18210796704327417,13356104.797539022,0.00018234225112466002,186030722.4122808,901239.2403384242,0.012838483
2026-03-25,191296995.11502227,0.023546567393290144,13435491763.295118,0.1953418637037502,13392677.36814929,0.00019564642818135003,190318462.77479374,978532.340228538,0.014023185
2026-03-26,188926456.36034927,-0.012223504747318157,13467759819.727285,0.16868041451861304,13424896.394886121,0.00016842411307850795,188078202.43753356,848253.9228157159,-0.013209939
2026-03-27,190731617.03709766,0.009733047559805813,13501388936.246235,0.17800109718252982,13458565.903198583,0.00017821489356812097,189836249.03557137,895368.0015262822,0.005592346
2026-03-30,191068045.07491204,0.0019472485032794062,13536333420.299244,0.18321285477390079,13493539.721187754,0.00018336665169869595,190148983.0190545,919062.0558575457,-0.002358675
2026-03-31,187351396.2592382,-0.01927095211516128,13570908673.787046,0.18095780209739723,13528125.389485475,0.00018101231047902894,186446090.25184122,905306.0073970072,-0.009327769
2026-04-01,191013322.52064967,0.019729307341238334,13605276029.018967,0.18343794558310159,13562512.405682657,0.00018354288723635082,190103081.5989252,910240.921724475,0.01708293
2026-04-02,186970275.3170129,-0.02098289941983858,13640276323.2645,0.18323483296171267,13597546.275019443,0.00018341060651933522,186027918.0821166,942357.2348962994,-0.010419548
2026-04-03,184577978.55407536,-0.012606072119957693,13675595832.612795,0.18890440894099383,13632882.263022378,0.00018899254409837258,183637999.99790153,939978.556173821,-0.008511066
2026-04-07,186366605.1252235,0.009882211894826666,13710981788.964159,0.19171277434375628,13668294.387064395,0.0001918545447264327,185409703.3117846,956901.8134388914,-3.8325787e-05
2026-04-08,196666694.0176035,0.055402277981692845,13734444987.237371,0.1258980827463538,13693339.958336411,0.0001343887294356569,192570091.77782315,4096602.2397803417,0.034891605
2026-04-09,194519070.16511247,-0.010746543360086824,13770064463.646984,0.18111595655553342,13727476.656082328,0.00017357640507681394,193422161.95046815,1096908.2146442998,-0.0063844323
2026-04-10,197851190.7329257,0.01724360791721482,13792392585.289415,0.11478628611312305,13749566.66661748,0.00011356218450150021,197252594.7433784,598595.9895473118,0.015406609
2026-04-13,198082508.31600225,0.001345279896394604,13827069266.767881,0.1752664785590055,13784414.312911682,0.00017613058665511195,197176830.3412741,905677.9747281317,0.0020662546
2026-04-14,200377219.7874813,0.011776325391233178,13864981857.21972,0.1913979723608773,13822386.913673518,0.00019170092849015458,199389493.79352024,987725.9939610623,0.011865735
2026-04-15,197874148.7581405,-0.012320035691542091,13899416439.8856,0.17184878951010188,13856803.443460578,0.00017175869504308826,196956945.0516038,917203.7065366991,-0.0034096837
2026-04-16,200256107.880861,0.01220406542838983,13932321591.94246,0.1662933347452051,13889713.378771357,0.00016631750795807393,199362247.60179615,893860.279064856,0.010962009
2026-04-17,200526604.38687155,0.0015040777864678148,13963039522.413984,0.15339322628701196,13920417.63622893,0.00015332494864945615,199690794.39316446,835809.9937070883,-0.001676321
2026-04-20,203679057.32907647,0.015900531413939944,13998950404.695803,0.1790828822520543,13956444.266408166,0.00017966010190712813,202647778.17071128,1031279.15836519,0.0060842037
2026-04-21,202546306.94012624,-0.00540342716086782,14031207856.398226,0.15837392476883846,13988629.70488651,0.0001580203625272205,201691239.66840005,855067.2717262018,0.002219677
2026-04-22,205617034.07150298,0.015330670663348847,14065609244.932903,0.16984456075442905,14023073.29928641,0.0001700529371294971,204711998.6637321,905035.4077708675,0.0066337585
2026-04-23,205100304.32218483,-0.002329591218532569,14103276525.100002,0.18319143808873473,14060799.411650877,0.00018347756320299824,204115330.63204318,984973.6901416518,-0.00277102
2026-04-24,203996932.29588217,-0.005204660030836596,14139171704.741419,0.17501280536878228,14096694.081735445,0.00017501032094122137,203048872.38950992,948059.9063722352,-0.0035434961
2026-04-27,204717442.5904157,0.003675967388520942,14168614780.28633,0.14433097210601908,14126069.857679902,0.0001440010671427603,203933357.6608924,784084.9295232934,0.00033128262
2026-04-28,201857682.103745,-0.013799435520719338,14203296648.632252,0.16941335289788434,14160845.19535757,0.00016986993017124017,200921433.8484087,936248.2553363275,-0.0026703477
2026-04-29,204218667.13895416,0.011880681630706285,14240439053.993082,0.1840029320347636,14198067.015935333,0.00018439635385604408,203160810.27033308,1057856.8686210923,0.010957837
2026-04-30,203852599.3328294,-0.0016057680548220191,14278585712.690472,0.18679320177637782,14236207.010170046,0.00018676056782194957,202846211.3837966,1006387.9490327779,-0.00063198805
