datetime,account,return,total_turnover,turnover,total_cost,cost,value,cash,bench
2024-01-02,100000000.0,0.0,0.0,0.0,0.0,0.0,0.0,100000000.0,-0.013045371
2024-01-03,99955717.48482306,3.4604454413056373e-16,88565030.3539432,0.885650303539432,44282.51517697159,0.00044282515176971587,88565030.3539432,11390687.13087986,-0.0023771524
2024-01-04,98442696.34593289,-0.014960975236755894,107366338.2748924,0.18809637301441945,61868.64000454268,0.00017593915856030254,89499961.5266368,8942734.819296088,-0.009250283
2024-01-05,97089889.68140091,-0.013569065547582328,124934768.83758415,0.17846352461695428,78899.90513781211,0.00017300689401497757,89238516.98608276,7851372.695318152,-0.005359888
2024-01-08,96307309.15480277,-0.007891438428096665,141606937.15188143,0.17171889234818122,95301.54532447983,0.0001689325246994251,89013394.35493046,7293914.799872309,-0.0129314065
2024-01-09,96539973.07755227,0.002588786900265401,158336768.24723598,0.17371299480980518,111956.72291473887,0.000172937835522824,89412020.46546131,7127952.612090954,0.0019598007
2024-01-10,96247250.87800558,-0.00286997280640237,174147704.44181114,0.1637760576323546,127611.82499804166,0.000162161865020687,89446621.59054264,6800629.287462932,-0.004668176
2024-01-11,97331759.41502255,0.011441488487384834,190771941.83600897,0.17272428295400583,144315.10084420943,0.0001735454851311998,90389756.49946576,6942002.915556781,0.0056574345
2024-01-12,96643745.85002999,-0.0069000636324256575,207194860.17522502,0.16873134152634334,160733.33241717066,0.00016868318903960118,89727534.69855593,6916211.151474056,-0.0034894347
2024-01-15,97056408.98709969,0.0044506106597254754,224514443.6709195,0.17921059809261433,178193.8808234117,0.00018066920164017635,89875728.56293872,7180680.424160976,-0.0009895563
2024-01-16,97550556.67059858,0.005287022211209823,243249072.68399873,0.19302825242142793,197185.58737958324,0.00019567699603120336,89874712.86680914,7675843.803789439,0.0060836077
2024-01-17,95697134.79679301,-0.018824393512656773,260483444.5709029,0.17667117928501339,214277.39503907808,0.00017520973988092322,88323511.25548185,7373623.541311165,-0.021751761
2024-01-18,96473283.01785035,0.008250076485162437,274353777.01757675,0.1449398926741813,227637.85546617967,0.00013961191686116518,90132763.97611085,6340519.041739512,0.014137149
2024-01-19,95384753.06398949,-0.011110148623462266,290247075.47564435,0.16474300408255904,244335.29680538786,0.00017307839867042443,87452645.70130801,7932107.362681484,-0.0015116334
2024-01-22,92997318.07901841,-0.02486900551261281,305996392.7920236,0.16511357224790124,259646.33200889782,0.00016051868576142828,85957085.97727916,7040232.1017392585,-0.015560687
2024-01-23,94550600.56684354,0.01687334201663593,321988004.0602486,0.1719577682298019,275539.3987609303,0.0001708981192181087,87723350.56424128,6827250.002602257,0.00404799
2024-01-24,95956291.64218426,0.015060785270266802,340025523.51800466,0.1907710723106854,293854.61573220935,0.00019370809769030423,88591961.82950714,7364329.812677118,0.013979316
2024-01-25,97716939.98097801,0.018488395257284136,353971379.8990935,0.14533550789032348,307284.12424238754,0.0001399544342569645,91398735.41863233,6318204.562345678,0.020081758
2024-01-26,96631527.19913946,-0.010943123701585171,369349002.6071008,0.15736905710515237,323368.3441287227,0.00016460011835681877,88916212.50002445,7715314.699115013,-0.0027222037
2024-01-29,95494664.9598606,-0.011587067462919952,385384437.4875314,0.16594413174682227,340554.5587061773,0.0001778530783440589,85494977.08127503,9999687.878585566,-0.008956671
2024-01-30,94406854.61585839,-0.011202195609649742,404696729.2040027,0.20223424758428984,358614.98615005595,0.00018912498883021404,86928955.70990188,7477898.905956512,-0.017833173
2024-01-31,93115986.71347977,-0.013496930541036675,421498037.1772945,0.17796703472069222,375280.1291806865,0.0001765247142110711,85927082.83587648,7188903.877603291,-0.009149373
2024-02-01,93900471.37783599,0.008599610930126822,437872279.0164595,0.17584780462617,391556.7219352543,0.0001747991223531925,86923142.26218168,6977329.11565431,0.0007339716
2024-02-02,92050147.44388017,-0.019531317102189368,454222129.8904872,0.17411894353798574,407880.7733655014,0.00017384419045738856,85140741.26721743,6909406.176662741,-0.011834502
2024-02-05,90601080.91449226,-0.015564506080328626,470575663.08605033,0.1776589570976334,424232.2231679881,0.00017763632385766324,83712192.97378482,6888887.940707451,0.0065385103
2024-02-06,95469740.84261557,0.05393290706805015,488113126.5811903,0.1935679278671246,441951.97227088123,0.00019557988628873758,88234001.43550469,7235739.407110887,0.03476727
2024-02-07,96956112.92909187,0.0157521031536796,505547476.7941831,0.18261650297903062,459429.0916025239,0.00018306448909769424,89652312.40401278,7303800.525079079,0.009644628
2024-02-08,99164870.2942547,0.022969469485659443,523694987.6360151,0.18717242568402148,477702.20381261583,0.00018846787126723826,91628140.14486596,7536730.149388749,0.006370306
2024-02-19,101860202.83316776,0.02731353812018814,537506112.4083741,0.1392743693545589,490913.1298651977,0.00013322183564986993,95537081.04938565,6323121.783782111,0.01155448
2024-02-20,102455615.94355458,0.006013607668202732,553772829.2878299,0.15969649016012985,508047.3163206023,0.00016821276591671362,94414689.1943304,8040926.749224188,0.0020682812
2024-02-21,102383494.52823542,-0.0005237684402433946,572304211.3885574,0.1808722921634376,526505.7134828301,0.000180159935521709,94506996.05317274,7876498.475062686,0.013492227
2024-02-22,104796159.89923574,0.023745125119762515,590771566.3434714,0.18037433709415954,544949.2302539812,0.00018014150480148664,96985781.30846997,7810378.590765779,0.008620501
2024-02-23,105507413.97052222,0.006973688900955231,610186417.1654965,0.18526299857449882,564510.9761195265,0.00018666472019923712,97422807.0385811,8084606.93194112,0.0008804798
2024-02-26,104953429.01690632,-0.005075338116807098,628767225.8247849,0.17610903310055262,583010.1300050932,0.0001753351085899529,97050630.78629413,7902798.230612194,-0.010424852
2024-02-27,107769611.68219669,0.02692295041457583,638475017.7640426,0.09249618645326939,592483.4299765952,9.026193865448688e-05,100345270.68706727,7424340.995129415,0.0119969845
2024-02-28,105372277.72310504,-0.022072648305332322,656264276.5897601,0.16506748561158818,611056.6524048828,0.0001723419258766418,96398582.74526359,8973694.97784146,-0.012741804
2024-02-29,108568733.49345444,0.03048898935940306,673152302.5604697,0.16027010458184898,627295.1363312983,0.0001541058452687772,100910361.08812769,7658372.405326754,0.019076824
2024-03-01,109925148.7538015,0.012658883173865753,690470386.663127,0.1595126289623826,645238.7896124504,0.00016527459337299855,101033581.64476614,8891567.109035365,0.006177306
2024-03-04,111198349.13905168,0.01176973006610734,711119489.4674232,0.1878469398348861,665827.7326712087,0.00018729966065246062,102447690.46415141,8750658.674900267,0.0008677244
2024-03-05,111074964.15091157,-0.0009243993860063871,731730153.827054,0.18535045276488352,686421.0351422516,0.00018519431835531462,102379622.55565827,8695341.595253307,0.006958723
2024-03-06,111476946.09542412,0.00380378303420573,752262790.6787734,0.1848538688144233,706944.1547919527,0.00018476818612173844,102821162.02385691,8655784.071567208,-0.0040555
2024-03-07,111279910.88041575,-0.0015855910959224424,772567640.3917661,0.18214393580186297,727222.5166707853,0.00018190632762288194,102697380.83904757,8582530.041368183,-0.006006658
2024-03-08,112285209.07352461,0.009201794868571951,791454227.5119892,0.1697214436172507,745899.2364764822,0.0001678355029037313,104141090.38101429,8144118.6925103245,0.0043034554
2024-03-11,112306552.85466214,0.0003858209513458876,813081401.6060224,0.19260928730044577,767877.4415257754,0.0001957355312479468,103482350.45668058,8824202.39798156,0.012510896
2024-03-12,111169985.79486588,-0.00994933118007328,832492518.0557901,0.17284046172165904,787069.4132785965,0.00017088915352657814,102803264.76253015,8366721.032335723,0.0022928715
2024-03-13,111351301.4513471,0.0018165448216268874,853008101.5401042,0.18454246744413588,807699.0188133734,0.00018556812243228387,102777165.923621,8574135.527726099,-0.0069853663
2024-03-14,111166692.6553971,-0.0014791767907324444,872957890.5124193,0.17916080649521537,827599.5540386843,0.0001787184789573934,102710965.15690419,8455727.498492908,-0.0028384328
2024-03-15,112267642.1348827,0.010098132030204968,894372092.6892502,0.19263145880585156,849226.0143485,0.00019454082687208232,103409024.83073016,8858617.304152543,0.0021811724
2024-03-18,113705799.85143732,0.012991634311129034,914827074.6929634,0.18219837537104167,869608.4493829857,0.00018155217876578825,105012658.92077379,8693140.93066352,0.009395003
2024-03-19,112890264.9636282,-0.007029938582491828,931572415.576345,0.14726901270876494,885798.5477633857,0.00014238586247626077,105323799.13730861,7566465.8263195865,-0.0071873665
2024-03-20,112942400.79796445,0.0006317633914032539,950587748.9672368,0.1684408606625052,904982.6500769684,0.0001699358427386413,105057581.22857709,7884819.569387363,0.0021662712
2024-03-21,112698451.25596373,-0.0019746613886951394,971219079.484905,0.18267125872925558,925909.1940754227,0.0001852850997553038,104244131.26900265,8454319.986961076,-0.0011965632
2024-03-22,111980354.49328108,-0.00619459400594266,991197142.2762576,0.17727007397801697,945884.8061288553,0.00017724832800109628,103550911.59421337,8429442.899067715,-0.010077953
2024-03-25,111532720.06130223,-0.003828680674662015,1010229276.8384291,0.1699595848601587,964782.2189174799,0.00016875650085353486,103391618.12211713,8141101.939185092,-0.00542742
2024-03-26,111508948.55885175,-4.257539488983329e-05,1029285273.4468204,0.17085566099273336,983805.1717682137,0.0001705593913631642,103452957.08783193,8055991.4710198175,0.005102396
2024-03-27,109540257.83493668,-0.017476002921346986,1049131684.8920637,0.17798043746030748,1003765.1849124602,0.00017899920501637592,101277022.97905539,8263234.855881296,-0.011558354
2024-03-28,111163308.58272994,0.014989320063133995,1068096318.2640901,0.17312934757378087,1022648.42160529,0.0001723862720981041,103081750.32193413,8081558.2607958075,0.005187273
2024-03-29,112343415.44775106,0.010779788137845059,1086423209.7723808,0.16486457394933987,1040858.4718078875,0.00016381349597061726,104513749.84854476,7829665.599206299,0.004691839
2024-04-01,114849233.92671901,0.022477198807834,1105666160.1642814,0.17128685571118404,1060205.2766101279,0.00017221129271468693,106831206.31163591,8018027.615083091,0.016443968
2024-04-02,114518729.28423901,-0.002711296402485216,1124762994.684913,0.16627742186610078,1079319.6043164325,0.00016642973620965333,106484829.6255161,8033899.658722908,-0.0041633844
2024-04-03,113463377.3937492,-0.009044821977441869,1144245303.4721262,0.17012334060097398,1098869.9753474335,0.00017071767346000106,105312903.61848222,8150473.775266992,-0.003597021
2024-04-08,113374620.56034593,-0.0006052242569776852,1164225556.19284,0.17609428856834455,1118956.0204733973,0.00017702668109604872,105032648.01970366,8341972.54064228,-0.008798182
2024-04-09,112847004.44309382,-0.0044612505064123426,1185779901.4180136,0.19011613991423007,1140779.5543363583,0.00019249046881127135,103988478.16073963,8858526.282354197,-0.00082570314
2024-04-10,112154885.90471332,-0.0059598971505735385,1205525628.9111161,0.17497786131363258,1160341.5524857077,0.00017334973352539477,103683380.30801487,8471505.596698442,-0.008144915
2024-04-11,112873003.48455504,0.0066020618977452065,1227564882.9147258,0.19650730171785993,1182677.4715214584,0.00019915243866172044,103830503.74260993,9042499.741945097,-0.00013411045
2024-04-12,112902850.32309586,0.0004375569078302896,1247332029.491293,0.17512731978707388,1202218.9953628555,0.00017312841191535319,104331137.57533196,8571712.747763896,-0.008104444
2024-04-15,114636308.99910074,0.01552846343353265,1267154316.0978029,0.17556940812197544,1221968.1021417729,0.00017492124177911398,106230705.01330115,8405603.985799588,0.021071196
2024-04-16,112497408.83073097,-0.018493331728194975,1286172426.1281922,0.16589953215031109,1240860.9800953101,0.0001648071027276836,104361161.87658986,8136246.954141105,-0.010698497
2024-04-17,115154289.17224458,0.02381157513165226,1307697603.8791819,0.19133932038716994,1262721.1410708572,0.00019431701763405852,106369935.92996372,8784353.242280856,0.015462279
2024-04-18,114688637.98895875,-0.0038676977117631708,1328037594.3681824,0.17663250440091352,1282990.3436254847,0.0001760177818848714,106066129.81797862,8622508.170980122,0.0012340546
2024-04-19,113757412.7600107,-0.007939317780460002,1348680709.1593688,0.17999267541370295,1303666.029771046,0.00018027667350580762,105090437.56642593,8666975.193584764,-0.007882774
2024-04-22,112417016.44906975,-0.011603483813105801,1369107291.129312,0.17956264540787684,1324080.0431304176,0.00017945215932818522,103795592.48998694,8621423.959082808,-0.0030381083
2024-04-23,111304757.23098825,-0.009735218242076609,1387291251.1494331,0.16175451541501543,1341935.0719571116,0.00015882852428113656,103359050.68758605,7945706.543402195,-0.006989777
2024-04-24,112908401.40727247,0.014581686703967017,1406585610.026501,0.17334711792261184,1361301.9942762658,0.00017399905269963007,104836934.9020175,8071466.5052549755,0.0043922663
2024-04-25,112587505.40030676,-0.002662560135339733,1426701660.8380706,0.17816256860292426,1381572.5927100373,0.00017953135622435416,104227214.24908198,8360291.151224781,0.0024591684
2024-04-26,114270646.21060406,0.015119585819355073,1445907114.6283288,0.17058246136614233,1400708.2324997827,0.0001699623747920194,106069118.70019372,8201527.510410344,0.01529336
2024-04-29,115143230.14169392,0.007813641136489307,1466081716.5445628,0.1765510442555094,1420994.1233343114,0.00017752495069592279,106739410.68552908,8403819.456164844,0.011059403
2024-04-30,115307091.03821015,0.0015594573836945275,1482324846.4621654,0.1410689095452154,1436694.1872449806,0.0001363524706693469,108005103.65982346,7301987.378386692,-0.005386412
2024-05-06,115736128.75561357,0.003881274081175541,1500006510.0902472,0.1533441132620586,1455194.8936639223,0.00016044725655953816,106814556.50192568,8921572.253687881,0.014840245
2024-05-07,115624432.63010034,-0.0007804246208032413,1521335305.5273578,0.1842881360076263,1476567.6947798133,0.00018466836022329214,106636221.81996752,8988210.81013282,0.00030887127
2024-05-08,115200884.65309875,-0.0035062547094025865,1538445003.2966478,0.14797649060926787,1494706.9603501144,0.00015688090447398163,104171677.50651415,11029207.146584604,-0.00786823
2024-05-09,115721309.39960289,0.0046953675684190685,1558840903.4719167,0.17704638498815786,1515192.7114993173,0.00017782633536965543,104532886.05630052,11188423.343302373,0.009459496
2024-05-10,115316394.90923046,-0.0033284294290479356,1578654407.0157185,0.17121741576033167,1534936.9900981518,0.00017061921180527433,104286165.73446132,11030229.17476913,0.00046944618
2024-05-13,115656795.66861004,0.0031283875599902025,1598941433.5716412,0.17592491138741695,1555290.6060155253,0.00017650236060010797,104513741.3868572,11143054.281752847,-0.0004336834
2024-05-14,115258684.86788438,-0.0032540253321920736,1621916433.4694185,0.19864807567042836,1577051.2637953595,0.00018814854461457478,106566075.4797978,8692609.388086587,-0.0020847917
2024-05-15,114603473.80007647,-0.005521631998982309,1639503868.5633779,0.15259097493710763,1595846.2890761439,0.00016306819136734213,103514479.06362002,11088994.73645645,-0.008473992
2024-05-16,114922488.02086069,0.002973952915068401,1662487246.5555298,0.2005469575228237,1617657.4032766293,0.00019031808964651865,106199831.98193817,8722656.038922515,0.0039436817
2024-05-17,115276701.42236182,0.003257978832386471,1682744143.781391,0.17626573854008493,1637859.035112647,0.00017578484580277128,106684777.79496148,8591923.627400335,0.010331392
2024-05-20,115674317.24207588,0.0036164116874134234,1702155332.7863164,0.16838779012078872,1657131.2257088895,0.00016718200953400928,107379662.62263756,8294654.619438314,0.0035318136
2024-05-21,115578858.05792412,-0.000660001162407366,1721336797.0001488,0.1658230164755641,1676245.2260201948,0.00016523979364671513,107438245.24385059,8140612.814073533,-0.004009843
2024-05-22,115194994.41063392,-0.0031592419047752653,1738740645.179226,0.15057985925380005,1694967.3016277286,0.00016198529663747797,104436648.81525406,10758345.595379852,0.0022550821
2024-05-23,114198343.78300735,-0.008479123393257786,1759937819.6796336,0.184011246398836,1714865.3573608908,0.000172733683741777,106058133.77785185,8140210.005155511,-0.011578381
2024-05-24,113537220.66093637,-0.005612834642832581,1779972090.2989655,0.17543398578003655,1735012.0592925055,0.0001764185124251555,105192294.73314618,8344925.927790198,-0.011068702
2024-05-27,114822731.4159896,0.011504594244261547,1800540067.0134938,0.18115624633750563,1755700.959564545,0.00018222130286088366,106256647.273449,8566084.142540595,0.009504437
2024-05-28,113921433.0552523,-0.007679393157617201,1820169286.119899,0.1709523790658737,1775230.4223269708,0.00017008359339295702,105574391.06343377,8347041.991818538,-0.007299781
2024-05-29,114170710.27810994,0.002355413689231238,1839317129.3134632,0.16807937435510845,1794285.302384513,0.00016726334585609044,106028649.43839303,8142060.839716911,0.0012052059
2024-05-30,113381897.25154284,-0.006730505483529384,1859554623.9952495,0.17725644898318946,1814671.7373663508,0.00017856098934812862,104962342.24670544,8419555.004837401,-0.0053161383
2024-05-31,112947332.41157521,-0.0036672941743739296,1878468897.029747,0.16681916155041343,1833431.8060639277,0.0001654591178339239,104854946.14927693,8092386.26229829,-0.004003525
2024-06-03,113717620.6989373,0.006996271999687062,1898294326.872196,0.17552809277695852,1853353.7778922946,0.0001763828450217138,105452072.43663143,8265548.262305867,0.0024665594
2024-06-04,114665661.572667,0.008507371255606203,1917714962.789409,0.17077947813055547,1872750.9217526568,0.00017057289574951074,106466494.5679226,8199167.004744388,0.0075012445
2024-06-05,113705833.43615562,-0.008198046201251648,1937455538.9776356,0.17215769671129064,1892544.6669942325,0.0001726213843804648,105420122.06995441,8285711.366201201,-0.0057748556
2024-06-06,114254677.26778285,0.004999742110182921,1957108681.0709863,0.17284198619752994,1912200.67897119,0.00017286722574347212,105982882.14634506,8271795.121437788,-0.00070655346
2024-06-07,114560399.48009105,0.002845325195424458,1976506527.5385067,0.16977726366560061,1931570.1785881044,0.00016952916134468113,106364667.55948116,8195731.920609893,-0.005049765
2024-06-11,113590065.83894761,-0.008331128922559824,1992870073.9236052,0.1428377210568492,1947486.3622429518,0.00013893268290857632,106304975.5624941,7285090.276453514,-0.008737862
2024-06-12,114112922.71181066,0.004773604040132615,2011281386.8773,0.1620855910040504,1966863.4865876276,0.00017058819538100662,104915586.777741,9197335.934069658,0.00034999847
2024-06-13,114447914.5558662,0.0031094040573552877,2031357852.2102902,0.1759350725219157,1986694.8274088686,0.0001737869852945979,105760658.98611581,8687255.569750387,-0.0050760508
2024-06-14,114480657.32436499,0.0004553526670523978,2050885295.3509624,0.17062297042678004,2006066.222041674,0.00016925948111836924,106124870.16498132,8355787.159383674,0.0043674707
2024-06-17,114768782.93095225,0.0026721305193492264,2067562349.2333405,0.14567573485471866,2023847.8737660092,0.00015532450756247353,104221581.73937818,10547201.19157406,-0.0015050173
2024-06-18,115329765.06528121,0.005064310048168276,2088991244.7225244,0.18671362492426236,2044090.440050313,0.0001763769360217248,107175464.84975223,8154300.215528976,0.002655387
2024-06-19,115085492.99203396,-0.0019433388488376599,2109026873.050823,0.17372469558884135,2064237.7004188856,0.00017469263339926514,106728075.95632614,8357417.03570782,-0.0047495365
2024-06-20,115166573.22164567,0.0008698954071401069,2128156746.4914753,0.1662231524000728,2083269.8125894011,0.00016537368590698878,107023710.8383808,8142862.383264866,-0.007217884
2024-06-21,114841293.67112976,-0.0026462246861311965,2148513917.3689647,0.17676284279389481,2103792.7340290514,0.0001782020673668263,106387453.08498253,8453840.58614724,-0.0021865368
2024-06-24,113464617.11359851,-0.011818785502748867,2167985521.8870945,0.16955229165121152,2123184.67480303,0.00016885860611698958,105189495.95652843,8275121.15707008,-0.005380988
2024-06-25,112154313.94400282,-0.011375942922856038,2187524705.0459466,0.17220507728228493,2142720.836350708,0.00017217844685553716,103904772.17083162,8249541.773171196,-0.005438864
2024-06-26,113332244.38502343,0.010678367418066197,2207194950.8704457,0.17538554811471832,2162415.367145307,0.0001756020798667835,105053827.2024485,8278417.182574921,0.0064663887
2024-06-27,112299619.31705637,-0.008944504803874787,2226208298.1377482,0.1677664407907471,2181339.6307766107,0.00016698040115584783,104218293.67011037,8081325.646946004,-0.00751096
2024-06-28,113140523.30522701,0.0076725644725565674,2246724351.437543,0.18269031920643955,2202061.712059646,0.00018452494682578052,104667863.77308421,8472659.5321428,0.0021828413
2024-07-01,114520905.26506408,0.012374935037757261,2266490038.813812,0.17470033546641464,2221786.3782626274,0.00017433776711257466,106150012.74569991,8370892.519364167,0.0047723055
2024-07-02,113204514.18071805,-0.011320345809556579,2286443594.3976526,0.174235049379477,2241761.2125846595,0.00017442085596336624,104811039.01929387,8393475.161424179,-0.001837194
2024-07-03,112396704.22165596,-0.00694148892001774,2308165011.74133,0.1918776605410078,2263763.2907652985,0.00019435689768974472,103463909.46448986,8932794.757166097,-0.0024137497
2024-07-04,111868533.81663916,-0.004529325157913796,2327519856.4698844,0.17220117673899787,2282852.475684366,0.0001698375859973807,103486147.86336571,8382385.953273453,-0.0050816536
2024-07-05,111416928.69951752,-0.00386630666663638,2346707318.5471964,0.17151795435847644,2301939.5347238937,0.0001706204451630041,103254435.88085087,8162492.8186666565,-0.004280627
2024-07-08,111413683.75500412,0.00014811833821819527,2366389327.9154496,0.1766518750605128,2321687.369565637,0.00017724267821994476,103139287.82420129,8274395.930802836,-0.008539617
2024-07-09,113396752.10860384,0.017977362108103346,2386213157.9306426,0.1779299395466098,2341543.152627345,0.00017821673597446692,105078305.86783141,8318446.240772434,0.011185408
2024-07-10,113186099.85051489,-0.0016927283047047173,2405038733.2378488,0.16601511910302577,2360245.5187604735,0.0001649285873304062,105132774.3240308,8053325.526484093,-0.0031512976
2024-07-11,113441469.49152412,0.002428028896306072,2424439404.752347,0.17140507129515672,2379694.9988484816,0.00017183629539046816,105309976.29810892,8131493.193415195,0.011431932
2024-07-12,113871683.4538275,0.003973375755415351,2444806754.9728518,0.1795406063743429,2400226.6210814086,0.00018098868363531777,105432177.8578007,8439505.596026799,0.0012197495
2024-07-15,114417237.45467001,0.0049631614913050555,2464463568.439319,0.17262248936925387,2419836.1745070126,0.00017220746045750048,106091861.49379654,8325375.96087347,0.0011087656
2024-07-16,115603026.21563043,0.010504210488477567,2481007957.541819,0.1445969984116645,2435910.1592805707,0.00014048569193891186,108234532.89741392,7368493.318216507,0.006337285
2024-07-17,114534013.24941993,-0.009084061536438547,2499021945.7803383,0.15582626881166853,2454778.1215497646,0.00016321339403347612,105476439.83212084,9057573.41729909,0.0009433031
2024-07-18,115300816.03192794,0.006876307096356754,2519870607.060393,0.1820303042612554,2475546.387122954,0.0001813283668665501,106424802.29393268,8876013.737995269,0.005526066
2024-07-19,115818423.08591631,0.004662202798425777,2539955284.496478,0.17419371455726365,2495495.1202994166,0.00017301467468312467,107234246.60034078,8584176.485575527,0.0051379204
2024-07-22,114947893.93945377,-0.007352293556293358,2559123293.114369,0.1655005145741938,2514493.221007321,0.0001640334948595465,106722531.37455826,8225362.56489551,-0.0068098307
2024-07-23,113252150.68001795,-0.014582485168366527,2578626909.4534907,0.1696735422520652,2534010.5219360855,0.00016979259262500985,105018936.23676483,8233214.443253115,-0.021349013
2024-07-24,113072260.49325335,-0.001397315609526178,2599989459.491419,0.18862820626060997,2555651.7107430836,0.00019108854601925383,104303409.70066687,8768850.792586483,-0.0063112974
2024-07-25,112039790.28120197,-0.008964135068280183,2617670745.7982473,0.15637156478253553,2574526.907257176,0.00016693038975035444,100901994.27060142,11137796.010600558,-0.0055292845
2024-07-26,112084920.72333345,0.0005693505004950509,2636549920.1369715,0.16850419204945336,2593186.3757976643,0.00016654322980840997,101405195.77774678,10679724.945586674,0.002947688
2024-07-29,112270671.41864772,0.0018264724772842707,2655567322.5389056,0.16966958872974577,2612155.703303149,0.00016924067379507654,101706065.59346722,10564605.825180499,-0.00544101
2024-07-30,111200771.40264282,-0.009355256715802838,2675070021.9344234,0.17371143459892505,2631734.7665310563,0.00017439161074309992,100503016.97591117,10697754.426731648,-0.0062994957
2024-07-31,112963551.06983498,0.01601528043251279,2693372123.371512,0.1645861013932995,2649866.6376639684,0.0001630552639536922,102624389.12258917,10339161.947245806,0.021576643
2024-08-01,112157105.4622007,-0.006964740933168137,2712893783.1275816,0.17281379322079926,2669550.3772061355,0.00017424859041478364,101513467.68230256,10643637.779898133,-0.0066268444
2024-08-02,110757262.71757163,-0.012310954958930365,2731994910.422091,0.17030688529089127,2688632.04816605,0.0001701334113543568,100171619.27782188,10585643.43974975,-0.010200977
2024-08-05,108911206.91967228,-0.016485899724054422,2753333295.1056757,0.19265901088578777,2708754.7191927633,0.00018168263220828728,100777113.46469356,8134093.454978727,-0.012135088
2024-08-06,110067270.32782927,0.010799573187058277,2773353652.9661226,0.1838227527421764,2728885.861055621,0.0001848399483600011,101731740.0098904,8335530.3179388605,-0.000101685524
2024-08-07,109953107.7934632,-0.0008606216124741833,2792829676.0816727,0.17694654421375022,2748322.123751524,0.00017658530676751706,101716534.57751523,8236573.215947971,-0.00044572353
2024-08-08,110040575.17687157,0.0009720852013356974,2812259145.01263,0.17670686459771368,2767738.5292700506,0.0001765880556554946,101849545.19130325,8191029.985568309,0.0004339218
2024-08-09,110075358.34106807,0.0004908071230767094,2831505017.16699,0.17489796035167338,2786964.063197811,0.00017471313555803182,101944230.34262703,8131127.998441042,-0.0033832192
2024-08-12,109917622.15219393,-0.0012557189821086798,2850983175.239783,0.1769529381175395,2806476.5351406573,0.00017726466883157335,101737378.88558859,8180243.266605351,-0.0017318726
2024-08-13,110114361.95444585,0.0019645666318730197,2870200639.378208,0.17483515165399502,2825677.225623764,0.00017468254959628895,101986866.68896095,8127495.265484901,0.0025647879
2024-08-14,109145626.76405849,-0.008625664808151292,2889167703.1415567,0.17224877324535764,2844602.839228635,0.00017187234497803827,101119957.42913282,8025669.334925666,-0.00754261
2024-08-15,109653333.34433731,0.0048247728693496675,2908070941.374503,0.1731928139806258,2863499.117769201,0.0001731290487837315,101660479.6727141,7992853.671623211,0.009884477
2024-08-16,109648623.18876824,0.00012657938467724967,2926706170.842254,0.16994676677299003,2882089.124800813,0.0001695343539920952,101764804.39645292,7883818.792315321,0.0011011362
2024-08-19,110314745.88186052,0.006247519284112203,2945581680.8323503,0.17214543549352646,2900998.3195567084,0.00017245264195740924,102382466.75270252,7932279.129158007,0.0033894777
2024-08-20,109527311.59495436,-0.0069610262300492986,2965017647.028328,0.17618647480539243,2920528.7668180224,0.00017704294294644586,101425600.78238569,8101710.812568669,-0.007229686
2024-08-21,109954660.26495974,0.0040771273562383815,2984223237.838094,0.17534978746480112,2939736.895171675,0.00017537295560295132,101867082.49297091,8087577.771988822,-0.0033186078
2024-08-22,109609256.99762638,-0.002978319605479492,3002305503.02291,0.16445201268634474,2957660.042124067,0.00016300488682519082,101857838.8374372,7751418.160189182,-0.0025590062
2024-08-23,109802924.4996562,0.0019454513000322145,3021722596.0862384,0.17714829563846737,2977232.011615843,0.00017856128239424082,101761325.45206277,8041599.047593437,0.0042407513
2024-08-26,109535711.84205984,-0.002262097169902343,3040572212.7802544,0.1716677108547778,2996059.7844545348,0.00017146877393735233,101556628.27795383,7979083.564105998,-0.00089263916
2024-08-27,109003713.80669615,-0.00468693338948399,3059211385.4311876,0.1701652578641128,3014671.2346447767,0.0001699121672489596,101098686.61416218,7905027.192533977,-0.005682528
2024-08-28,108384287.24640454,-0.005522932097288762,3075473909.078098,0.14919238142426644,3032077.6852296996,0.00015968676641413322,98208812.62843016,10175474.617974384,-0.0056968927
2024-08-29,107124618.01109488,-0.011447708239547476,3094300644.4907813,0.17370354957340028,3050995.222391214,0.00017454132551987774,96786457.43261994,10338160.578474939,-0.0026837587
2024-08-30,107671245.62798057,0.005276443081608421,3111528006.231191,0.16081608560439034,3069604.555080109,0.00017371667721575654,94587752.48522462,13083493.142755955,0.013347864
2024-09-02,106495627.64111474,-0.010741291902496002,3131969750.8854613,0.18985333117533812,3088694.2631504564,0.00017729624988555628,96135297.37427594,10360330.266838796,-0.016986668
2024-09-03,105856805.58553833,-0.005818880272998675,3152348359.954546,0.19135629809854351,3107831.0118853753,0.0001796951589356216,97999332.73576485,7857472.849773489,0.0025788546
2024-09-04,104965012.41727494,-0.008264525136023507,3168210772.5723295,0.14984783009502223,3124767.949567931,0.00015999857155022038,94975426.37564237,9989586.041632567,-0.0064977407
2024-09-05,104798313.30250596,-0.0014039285088871022,3188654381.580561,0.19476593711970133,3144103.6909686117,0.00018421130008363368,97043798.21737596,7754515.085129987,0.0017219782
2024-09-06,104237048.19422895,-0.00518003294841146,3207054811.747637,0.1755794495848593,3162510.083400692,0.00017563634234216228,96489014.97152288,7748033.222706065,-0.008106828
2024-09-09,103548518.9843965,-0.0064271789628961296,3225597918.034904,0.17789362427757083,3181089.1299247984,0.0001782384175872619,95747184.33453467,7801334.649861824,-0.011883557
2024-09-10,104387492.89245641,0.008280998193900792,3244104241.3403816,0.17872127469313487,3199600.3205557778,0.00017876827995742537,96594934.78222111,7792558.110235296,0.000880003
2024-09-11,104179531.48393852,-0.001834448005732761,3259563225.7547026,0.14809230479600966,3216068.3009136654,0.00015775817486922086,94385449.46692793,9794082.017010579,-0.0030133128
2024-09-12,104171939.3628233,9.20147221658178e-05,3276811806.8833447,0.16556593107064718,3233246.4726737477,0.00016489008460102955,94535854.25469095,9636085.108132344,-0.004287362
2024-09-13,104333122.7686955,0.0017271383953370036,3295338456.502395,0.17784683411262536,3251982.422991787,0.00017985601912222677,94297172.21290201,10035950.555793496,-0.0041670203
2024-09-18,104843645.2442558,0.005069447796252773,3313683646.9241858,0.17583285091985149,3270371.266727428,0.00017625125413344117,94738776.90449671,10104868.339759085,0.00372231
2024-09-19,104813290.42329657,-0.00012001727392262074,3331527107.8832445,0.1701911538604804,3288143.0391963273,0.00016950738814447183,94869570.83632828,9943719.586968288,0.007893443
2024-09-20,104898999.14618076,0.0010031531111519075,3350733990.158604,0.1832485384037764,3307578.0946903327,0.00018542548769831911,94518368.17741458,10380630.968766177,0.0015676022
2024-09-23,105234668.60486968,0.003375245764397647,3369172790.2497406,0.17577670179141827,3325968.538559117,0.00017531572291892364,94969140.52467526,10265528.080194416,0.0036581755
2024-09-24,108886993.04531506,0.03488929942698303,3388306943.0918584,0.18182366225679703,3345207.9611683674,0.0001828239957830801,98430164.85346437,10456828.191850694,0.043311715
2024-09-25,109221704.8077153,0.003250439745002662,3407476336.0118494,0.17604851033046132,3364426.808676448,0.00017650269302672855,98685186.2871941,10536518.520521194,0.014803529
2024-09-26,113089903.1739901,0.03555165653414126,3422927655.8796487,0.14146748482823368,3379240.977798904,0.00013563393053181116,103842500.31327763,9247402.860712472,0.04227209
2024-09-27,118496664.54329585,0.047982791151285065,3441329512.5923758,0.16271882985358652,3398848.813809776,0.00017338272878972678,106856910.92230332,11639753.62099253,0.044667363
2024-09-30,129980142.56219147,0.09691554331249393,3442710724.664825,0.011656126168382954,3399539.419846001,5.828063084193709e-06,119722291.6196846,10257850.942506861,0.08482647
2024-10-08,140975212.04240108,0.08470062235373321,3453977108.941901,0.08667773442151465,3413868.9082809836,0.00011024367378368022,124605482.2725168,16369729.769884259,0.05929792
2024-10-09,131648430.28805381,-0.06604679941377455,3469655795.2389517,0.11121590859771009,3429689.110549449,0.00011221974444491124,115011488.77760886,16636941.510444956,-0.070515275
2024-10-10,130064441.36472106,-0.011850350888586937,3495332701.853317,0.1950414946701807,3453597.941037086,0.0001816112082409418,116987560.93822165,13076880.426499404,0.010568738
2024-10-11,125871657.8597873,-0.03208080687671581,3516055144.6270876,0.15932442838594013,3473809.2210213025,0.000155394355076197,113837314.29238048,12034343.567406818,-0.027670264
2024-10-14,129458794.9989461,0.02871124939515734,3543788380.295115,0.2203294700298648,3500604.642456772,0.00021287891087696343,119326875.31809251,10131919.680853587,0.019080639
2024-10-15,127050177.84811243,-0.01841567820536158,3568255466.355341,0.1889951629815892,3525150.2837359738,0.00018960196006305926,116785693.37058517,10264484.477527257,-0.02659452
2024-10-16,125113052.94989392,-0.015069795624182114,3590994804.944357,0.17897919526095174,3547654.967767442,0.00017713225130918381,115340382.27149223,9772670.6784017,-0.006327808
2024-10-17,123790731.82100342,-0.01040592150998434,3611754528.1484303,0.1659277166898598,3568059.487786831,0.00016308865892322594,114748872.03199086,9041859.789012568,-0.011319041
2024-10-18,129139786.7657342,0.043389290530692785,3633798169.6517715,0.17807182475676325,3590196.5710446513,0.0001788266611900301,119933180.55102119,9206606.214713015,0.036167383
2024-10-21,130109011.02136466,0.0076828177211829074,3656575762.714902,0.17637936095132348,3613129.7576877526,0.00017758420714061719,120614150.8333519,9494860.188012764,0.0025399923
2024-10-22,130702091.89819196,0.004706774952787509,3674786976.3552275,0.1399688883757264,3632442.715067766,0.0001484367395340684,119023057.1881837,11679034.710008267,0.00573802
2024-10-23,130389096.10028464,-0.0022180867960226057,3699116362.824724,0.1861438184818623,3655529.928723176,0.00017663997048641912,121217494.23210688,9171601.868177759,0.0038986206
2024-10-24,129471891.8290553,-0.006905283823193695,3716577456.843089,0.13391529307738478,3672360.483930374,0.00012907946838018827,121578198.1384182,7893693.690637097,-0.011169732
2024-10-25,130047060.17348447,0.004621467512790449,3738406533.464442,0.168600893313385,3695542.2814086922,0.00017904888196834006,119471106.5663952,10575953.607089274,0.0070225
2024-10-28,129637868.17978582,-0.002974150600258538,3761148661.0676637,0.17487613770648563,3717954.733030522,0.00017234108631084032,119743678.9871011,9894189.192684732,0.0019563437
2024-10-29,128723879.92535311,-0.0068708769032178145,3784430488.6250033,0.17959125589022884,3741217.1532043437,0.00017944155130321122,118891767.91987589,9832112.005477216,-0.009966791
2024-10-30,127808879.10616842,-0.006930574127039253,3807352714.260306,0.17807283037611302,3764087.5806462746,0.00017767043267491168,118103233.91487527,9705645.191293156,-0.008968949
2024-10-31,127336211.03743954,-0.0035182346403480223,3830347430.195832,0.1799148548703304,3787094.0235597794,0.0001800066088866468,117630118.33310159,9706092.70433795,0.00040876865
2024-11-01,127080214.9774934,-0.001840352069363516,3852162139.0511537,0.17131583135380005,3808746.624018253,0.00017004275753192553,117719991.66731046,9360223.310182938,-0.00026214123
2024-11-04,128779856.41604699,0.013538226476996727,3871572678.1777253,0.15274241651235299,3829545.9165754034,0.00016367058051353043,116662925.537263,12116930.878783982,0.014071941
2024-11-05,131778015.54477352,0.023442057451414065,3890859076.802921,0.14976254176652634,3850251.580538704,0.00016078340619053952,116843259.65374464,14934755.891028885,0.025301933
2024-11-06,131536494.70899019,-0.001654088038755877,3915711445.7672415,0.18859267884389033,3873799.9770384408,0.00017869745877100256,119233232.14362788,12303262.565362299,-0.0050165653
2024-11-07,134440411.4269507,0.022255356448099697,3938995167.1057634,0.1770133938116155,3897274.8347600903,0.00017846649915360051,121778350.95305412,12662060.473896582,0.030171871
2024-11-08,134024719.89496681,-0.0029264340762198615,3961335160.937928,0.16617022809621038,3919535.365523126,0.00016557916274401676,121543846.09009002,12480873.804876797,-0.010046542
2024-11-11,134443992.56341594,0.0032986574432785428,3982427581.7922907,0.15737709335182573,3942364.3369388464,0.00017033403564365693,118512846.60724016,15931145.956175797,0.0065983534
2024-11-12,133626409.61423057,-0.005882481313041176,4011989279.8708873,0.2198811379738862,3969083.0122192767,0.00019873461633346994,123408027.9296678,10218381.684562769,-0.010987222
2024-11-13,135784545.18868375,0.01632403719047252,4033577299.1135397,0.16155503470440769,3992269.917938116,0.00017352038257839987,122391577.45746584,13392967.731217895,0.00615561
2024-11-14,132377118.86600786,-0.02491542435791544,4059545591.0412965,0.19124630046572472,4016566.675991399,0.00017893610807858046,122351515.64178942,10025603.224218443,-0.017336965
2024-11-15,129417338.24040934,-0.022184684780338464,4082673332.5741315,0.174711020537053,4039602.647418139,0.00017401777304170546,119598311.1998095,9819027.040599845,-0.017523944
2024-11-18,126981043.36052465,-0.018689283182243315,4100977049.7640376,0.1414317234365044,4057180.244235652,0.00013582103492856847,118631834.6615301,8349208.698994547,-0.004648745
2024-11-19,128217744.78091538,0.00990874113852656,4121521222.6486506,0.16178929028236136,4078701.1120043825,0.00016948094927546345,117936667.18145472,10281077.599460654,0.0067107677
2024-11-20,129288953.45697455,0.00848856209189986,4139612079.652736,0.14109479959265578,4095876.7238013805,0.00013395658944357337,120855541.88348603,8433411.573488519,0.0022329092
2024-11-21,129008423.1140561,-0.002007535555212888,4159717932.9869175,0.155510991438818,4116854.8957586954,0.00016225803826539728,118851352.46625642,10157070.64779967,0.000885725
2024-11-22,125169783.2429992,-0.029578045558454148,4182700322.681282,0.1781464274936983,4139677.7505237143,0.00017690980336098887,115354605.30865698,9815177.93434222,-0.030982912
2024-11-25,123936963.08366132,-0.009677700347370113,4204390395.0329094,0.17328521141176048,4161142.2550905775,0.00017148311685730828,114594385.22341551,9342577.860245805,-0.004555464
2024-11-26,123847397.5891436,-0.0005345133588755844,4227555663.824356,0.1869117026516892,4184461.787181604,0.00018815639427347634,114219612.66182683,9627784.927316763,-0.0020555854
2024-11-27,126467095.84658475,0.021333933079990118,4250028962.617302,0.1814595964906723,4206915.622038175,0.0001813024358498063,116900692.62687398,9566403.219710765,0.017410636
2024-11-28,125112065.57286587,-0.010536844056217444,4272517176.767378,0.17781869663043431,4229381.828578886,0.00017764467816959833,115612143.77842732,9499921.794438552,-0.008827686
2024-11-29,127659419.71977691,0.02053634131495589,4294570187.547532,0.17626605938585874,4251371.7628913615,0.0001757618996360411,118307640.79500923,9351778.924767694,0.011369705
2024-12-02,129577344.87435114,0.015190414723442253,4314369132.432009,0.15509192293006657,4272646.137214525,0.0001666494675431097,117295981.4465351,12281363.427816056,0.007927895
2024-12-03,129304979.94100851,-0.0019289583155985095,4336746351.480912,0.17269391551896868,4295061.773648605,0.0001729903977876389,116969197.37927015,12335782.561738355,0.0010790825
2024-12-04,128253373.74150203,-0.007943347834871358,4362531761.716207,0.1994154459252703,4319553.540702587,0.0001894108569148371,118529369.30944082,9724004.432061212,-0.0053973794
2024-12-05,128221018.75029998,-7.443171612716003e-05,4385367349.327241,0.17805058022925857,4342362.413197965,0.00017784228071341215,118573253.42205034,9647765.328249628,-0.002282083
2024-12-06,129811011.57545775,0.012580233378458634,4408378736.365869,0.17946657469194213,4365419.927942683,0.0001798263262095918,120094048.34977314,9716963.22568462,0.013145089
2024-12-09,129659205.14125945,-0.0009967459334670253,4430872037.469936,0.17327729620990348,4387837.76423391,0.0001726959525170583,120115589.37754877,9543615.763710676,-0.001653552
2024-12-10,129733716.00020316,0.0007466110460445855,4453204612.187054,0.17224056473882207,4410131.900070019,0.00017194410386690856,120289272.13434592,9444443.865857247,0.0073286295
2024-12-11,130211645.1281058,0.0038604911912410124,4476033296.881535,0.17596570420017218,4433038.639993125,0.0001765673614333972,120633997.5449172,9577647.583188606,-0.0017042756
2024-12-12,130921955.8598196,0.005634101091638449,4499267527.092543,0.17843434961711446,4456353.480239622,0.00017905341894390375,121206403.04589427,9715552.813925343,0.009945154
2024-12-13,128341127.36436199,-0.019533712581446375,4522649153.670711,0.17859209652507044,4479790.119330716,0.00017901228970477678,118538986.16367698,9802141.200685015,-0.023661435
2024-12-16,127183177.46053143,-0.00883907585884175,4546137837.674649,0.1830175913700214,4503323.062578408,0.00018336244765001497,117316050.71558404,9867126.744947392,-0.0054255724
2024-12-17,126788012.91209286,-0.0029250087555911615,4569319421.719235,0.18226926317971642,4526475.703381013,0.0001820416918722604,117001925.2919115,9786087.62018136,0.0026048422
2024-12-18,127150283.84133476,0.003053397179755868,4593964616.2272625,0.19438110860775587,4551338.935191752,0.00019610080826787564,116952984.84754083,10197298.993793935,0.005063653
2024-12-19,127429194.74313854,0.0023637213667627817,4614266309.475095,0.15966691252664356,4572975.876093691,0.00017016824696151377,114583037.38203487,12846157.361103663,0.000905633
2024-12-20,127415683.03495234,8.557526672393162e-05,4640154831.203687,0.20316005120157832,4597392.371608445,0.00019160833248590327,117537994.59703434,9877688.437918011,-0.00449121
2024-12-23,126461777.17831092,-0.007302156590996831,4663637560.738203,0.18430015030468905,4620888.958579832,0.00018440890800656628,116579870.45362778,9881906.72468314,0.0014843941
2024-12-24,127996015.00609101,0.012304310481542291,4683978122.538255,0.16084355489778962,4642676.101249291,0.0001722824331239552,115242733.68526486,12753281.32082616,0.012741566
2024-12-25,127949396.9032938,-0.00018518608003758488,4706909019.279295,0.17915320832409512,4665591.123767091,0.00017902918709390963,115250779.05146754,12698617.85182626,0.00048685074
2024-12-26,128360006.01049474,0.0033918314136883055,4730209981.2698555,0.18211076061711937,4688964.800345221,0.00018267906800526647,115539332.6601128,12820673.350381939,0.00046420097
2024-12-27,127725531.67101778,-0.004763213041115794,4753287143.254554,0.17978467516440833,4712033.085235288,0.00017971551737214547,114945680.7947874,12779850.876230378,-0.0016176105
2024-12-30,127480162.22300607,-0.0017364774259018784,4778398924.312612,0.19660737152175742,4735610.030788962,0.0001845907019937133,117793559.3010973,9686602.921908759,0.004526496
2024-12-31,124314904.67338435,-0.024666325463336084,4799469031.696226,0.165281460395036,4756400.408899128,0.00016308716389768326,115208550.67648059,9106353.996903758,-0.016038835
2025-01-02,120842795.28768267,-0.027769065649097507,4819639040.068974,0.16224931697241443,4776401.045564306,0.00016088687609684216,112095185.342586,8747609.94509667,-0.029101014
2025-01-03,118043276.26776482,-0.023026287660294558,4837077996.641824,0.1443110988233467,4793359.099513883,0.0001403315266682292,110274429.62316395,7768846.644600872,-0.011841714
2025-01-06,118447735.23069073,0.0036123944445574235,4857836714.7056055,0.17585684437200355,4815319.011995003,0.00018603272609366448,108298459.66389264,10149275.566798091,-0.0016397238
2025-01-07,120595028.89532036,0.018319756975076408,4882235890.210362,0.2059910681891612,4837959.071039829,0.00019113965328870688,113986626.30742759,6608402.587892771,0.0072009563
2025-01-08,121268513.45251687,0.005762502587920077,4903810533.187384,0.17890159465651417,4859403.679942897,0.00017782332405825508,114941623.62143698,6326889.831079885,-0.001815021
2025-01-09,122122582.65484148,0.007222376410659614,4925584080.439812,0.17954823253402513,4881181.328533499,0.00017958205283953693,115809267.79600327,6313314.858838217,-0.0024648905
2025-01-10,120200382.84523828,-0.015556187748508202,4947949270.735636,0.18313722007530273,4903619.314025273,0.00018373330307950626,113763915.57999445,6436467.26524383,-0.012540042
2025-01-13,119266017.69196707,-0.007590166966054537,4969984192.852388,0.18331823572578193,4925643.49211745,0.00018322885144662007,112873062.653962,6392955.038005067,-0.0026711226
2025-01-14,124115373.59766155,0.040862669039167396,4993932805.47711,0.2007999687436075,4949815.394989299,0.00020267217217127782,117300009.96827538,6815363.629386177,0.026334286
2025-01-15,123182897.12268281,-0.00733263719039252,5016423212.50037,0.18120565060832927,4972198.865626369,0.00018034406204689326,116603789.73631369,6579107.386369128,-0.0064153075
2025-01-16,124125355.56030099,0.007835929012596518,5039201495.651713,0.1849143321305192,4994992.86542751,0.00018504192005193502,117537608.8741361,6587746.68616489,0.0011458397
2025-01-17,124301701.4880911,0.0016017109835798446,5061678127.676423,0.18108010183133286,5017459.882979092,0.00018100264406225742,117755650.76573431,6546050.722356785,0.0031471252
2025-01-20,124408261.13443199,0.001045891237433882,5085029351.793004,0.18785924759701025,5040906.297022717,0.00018862504505516526,117695276.97202964,6712984.162402349,0.0045484304
2025-01-21,124451254.9388079,0.0005296377830200481,5107947468.606455,0.18421700138293995,5063803.80826342,0.00018405137272966673,117802379.43314101,6648875.505666897,0.0007650852
2025-01-22,124345703.16698517,-0.0006660654287024111,5130625952.972892,0.1822278479842398,5086462.901612786,0.0001820720358385047,117758268.7888136,6587434.378171569,-0.009286106
2025-01-23,123421050.79305452,-0.007251533694942649,5153550426.021929,0.18436079788178494,5109418.219206704,0.00018460885265244141,116794882.64271508,6626168.1503394395,0.0017697811
2025-01-24,124981401.11150639,0.012822080365233877,5175779008.933849,0.18010365953853516,5131582.532784995,0.00017958292719006858,118505935.9420044,6475465.1695019845,0.0076556206
2025-01-27,123719722.64665927,-0.009920452101576082,5197631647.726068,0.17484712603535016,5153388.994317546,0.0001744776529837067,117358418.4580251,6361304.18863417,-0.004117012
2025-02-05,123435219.7263021,-0.002118108865666942,5220025460.85936,0.18100439165425888,5175840.073278969,0.0001814672590686561,116981834.96036966,6453384.765932437,-0.0057635903
2025-02-06,126643624.94168495,0.026160892841242196,5239412351.217519,0.15706125367740584,5196610.413991099,0.00016826915979235898,117444109.8085245,9199515.133160444,0.012582064
2025-02-07,129311566.03004415,0.021261277402292233,5265295897.03942,0.20438096140899165,5221274.5667489115,0.00019475242254925418,122575501.17782345,6736064.852220704,0.012977481
2025-02-10,129789733.508531,0.003889598101982377,5289932131.188229,0.19051841150144694,5246077.110056889,0.0001918045235196914,122745852.88127574,7043880.627255268,0.0021476746
2025-02-11,129237402.61895634,-0.004088844929915941,5310210528.307216,0.15624037873268456,5267717.905820053,0.00016673734646154728,119490365.49911086,9747037.119845476,-0.0045936108
2025-02-12,131135887.78959195,0.014849109592903002,5331100799.292012,0.16164260934885402,5288293.0901754545,0.00015920456414669152,122039599.11289136,9096288.676700598,0.009456158
2025-02-13,129040168.05624957,-0.01580691347855402,5354815721.109728,0.18084234771618224,5311159.191294385,0.0001743695147404604,121664386.87823895,7375781.178010624,-0.0037552118
2025-02-14,130252031.82108243,0.009577277985839336,5378922386.370921,0.1868152035472009,5335148.987275658,0.0001859095221482951,123133978.99889357,7118052.822188861,0.008673191
2025-02-17,130146973.55832534,-0.0006159610051223617,5405345259.043516,0.20285958156023368,5359977.077593007,0.00019061576215143776,126243313.53694423,3903660.0213811113,0.0021299124
2025-02-18,127831521.03512834,-0.01761838610006182,5427945351.718249,0.1736505433574676,5382449.97088489,0.00017267319152690055,124204732.67273694,3626788.3623913974,-0.008770287
2025-02-19,129394083.21964084,0.012407728519366263,5451435338.862071,0.18375739374458844,5405986.595593925,0.0001841222299354979,125697556.35153107,3696526.8681097655,0.0069975853
2025-02-20,128776481.77494141,-0.0045941932274933825,5474578071.325139,0.17885464224654093,5429126.619487957,0.00017883370953487323,125108512.06879717,3667969.7061442467,-0.0028577447
2025-02-21,130700230.38233423,0.015119829795453898,5497891773.096094,0.18104005832136108,5452456.498189624,0.00018116567854711385,127023236.69346501,3676993.688869224,0.012609124
2025-02-24,144543389.84457746,0.10605459141508193,5516372539.712809,0.14139811814143813,5470656.5670019295,0.00013925047231412588,141445991.83333895,3097398.0112385056,-0.0021919012
2025-02-25,143263246.90863082,-0.00873890523331484,5533225850.945758,0.11659690042603155,5487648.516994728,0.00011755605020104433,139905563.3276883,3357683.580942506,-0.011101484
2025-02-26,144684550.52906826,0.010041316137238123,5550411170.704459,0.11995623531875993,5504896.449614049,0.00012039328293544398,141218889.15950495,3465661.369563307,0.008734822
2025-02-27,144056143.01167393,-0.004234126574911818,5566301094.912463,0.10982460912308387,5520691.266634083,0.00010916726742611758,140796490.83506677,3259652.176607171,0.0020656586
2025-02-28,140838493.97424498,-0.022194148641427554,5586402332.02135,0.13953752119586993,5541136.853351193,0.0001419279059515868,136910588.16791,3927905.806334983,-0.019674301
2025-03-03,140405265.67368802,-0.0029125947215600935,5609532740.258477,0.16423356700588648,5564159.699766291,0.00016346984240905705,136715506.35782543,3689759.3158625863,-0.00040614605
2025-03-04,140952865.61576548,0.004065192109656671,5632699746.190877,0.1650009764323337,5587334.135859759,0.00016505389582272754,137271420.4138611,3681445.201904398,-0.00083583593
2025-03-05,141434490.2777219,0.0035611750828254767,5653207776.876854,0.14549566336509567,5607667.306787041,0.0001442551085318848,138123097.76413587,3311392.5135860494,0.004465699
2025-03-06,143179388.46846038,0.012495551070768099,5675505229.142714,0.1576521555815427,5630071.0124819,0.00015840341101287824,139677892.802571,3501495.6658893744,0.01375258
2025-03-07,142975573.37739256,-0.0012654047381749627,5698096649.505741,0.15778402607162986,5652706.226972737,0.00015808989501183346,139409124.67037553,3566448.707017027,-0.003091395
2025-03-10,142163769.41047645,-0.00553486842065992,5717218156.822708,0.13373967920026905,5673159.207876576,0.00014305227404020894,135954826.51062056,6208942.89985587,-0.0038564801
2025-03-11,142367466.49675864,0.001606764388240976,5743169212.609135,0.18254338566035616,5697885.803581238,0.00017393036078881227,138632170.35613525,3735296.1406233865,0.0032122135
2025-03-12,141291797.82742244,-0.007381613157024641,5767774026.941914,0.17282610232682002,5722652.909092699,0.0001739660480087652,137256686.43494257,4035111.3924798532,-0.0036002398
2025-03-13,140384768.9621441,-0.006256835289541809,5790909009.741713,0.16373903620404526,5745642.267601609,0.00016270837276053255,136663895.50995246,3720873.452191649,-0.0039850473
2025-03-14,143044458.5304152,0.0191051247170374,5813349193.729594,0.15984771107136872,5768021.218724753,0.000159411532238075,139468429.75881898,3576028.771596234,0.02428174
2025-03-17,143249331.05688867,0.0015868731487123572,5835492482.292513,0.1548000446183687,5790142.102565304,0.0001546434169335409,139740232.613866,3509098.443022665,-0.0024384856
2025-03-18,143600064.45340326,0.0026085714114576376,5858367696.200088,0.15968810282604537,5813084.81575614,0.00016015930421151253,139978910.15705177,3621154.296351493,0.0027347803
2025-03-19,142466253.4890564,-0.007739233056287732,5880843838.036222,0.15651902331442327,5835541.414400169,0.00015638292872295577,138906642.1755617,3559611.3134947116,0.00061130524
2025-03-20,141843448.04919282,-0.004217303933230279,5902843569.118856,0.1544206473031446,5857523.363071782,0.00015429582889467532,138341383.5064108,3502064.542782022,-0.008772731
2025-03-21,139310503.8654232,-0.017700492961963476,5925076079.669335,0.15673977794708194,5879768.592946026,0.0001568294495106258,135805245.9049868,3505257.960436399,-0.015167356
2025-03-24,140334288.69919446,0.00750383878899817,5946684792.212646,0.15511186840717067,5901347.321795009,0.00015489663916389986,136910576.85626206,3423711.8429323975,0.0051472187
2025-03-25,139267573.7992212,-0.007437415942364518,5969583426.927044,0.16317205813813218,5924337.745736509,0.00016382613368839147,135683273.9260316,3584299.873189591,-0.0006480217
2025-03-26,138954675.5209866,-0.0021000313366595766,5988688748.948023,0.13718428130673566,5944769.754812195,0.00014671045469021157,132737433.5474579,6217241.973528674,-0.0032907128
2025-03-27,138866730.66903394,-0.00046325953223780097,6013553712.370615,0.178942977840546,5968342.5287807295,0.00016964361854073995,135257440.37759048,3609290.291443472,0.0033295155
2025-03-28,138110990.7604538,-0.0052882630463268925,6034999497.521958,0.154434291410344,5989718.637199602,0.00015393253888736696,134662430.04237324,3448560.7180805407,-0.004384041
2025-03-31,137535585.86259866,-0.004000205106306,6057853623.252476,0.1654765171452333,6012651.244577787,0.00016604476770397072,133952994.4565589,3582591.406039749,-0.00711596
2025-04-01,137846793.6823041,0.002420539261025438,6079610990.139716,0.15819445382649214,6034353.710240886,0.00015779527550622435,134395707.19020954,3451086.492094573,9.512901e-05
2025-04-02,137827717.03793275,2.210426581395153e-05,6101709775.813472,0.16031410730297274,6056477.356781401,0.00016049445873585972,134349032.45886123,3478684.5790715264,-0.00084626675
2025-04-03,136301483.80021262,-0.010911694332953463,6123983881.586839,0.1616083198072321,6078776.675574808,0.0001617912512275775,132794672.49985352,3506811.30035909,-0.005892813
2025-04-07,125097202.75576589,-0.08216634006646138,6128758609.536094,0.03503063808354184,6083663.650529998,3.585415814220468e-05,121370784.41849351,3726418.3372723763,-0.07045448
2025-04-08,125893699.6906687,0.006510843695338496,6146779282.205584,0.14405336228558688,6101655.049494041,0.0001438193546115365,122243820.16325116,3649879.527417546,0.017083406
2025-04-09,128574523.24169682,0.021436075987010476,6164950580.742806,0.14433842663986565,6119498.411320975,0.00014173355672902254,125598360.49668685,2976162.7450099797,0.009869218
2025-04-10,130425406.0961866,0.014509948012636326,6179912127.112788,0.11636478201717122,6134225.2048177235,0.00011453897028313088,127933475.89114009,2491930.2050465047,0.013108969
2025-04-11,131045611.97628084,0.0049156836949512525,6200163432.6238165,0.15527117083379663,6155149.366877899,0.00016043010856906103,127228892.83500336,3816719.1412774813,0.0041229725
2025-04-14,131496504.79948767,0.0036102792949551507,6222486435.030207,0.1703452871846685,6177367.803283765,0.0001695473512679534,127911136.09566401,3585368.7038236503,0.002298355
2025-04-15,130990483.08246738,-0.00368318040405665,6244234946.71618,0.1653923176067407,6199064.170624639,0.00016499577212305083,127531099.43617922,3459383.6462881505,0.0005559921
2025-04-16,130001881.8054389,-0.007390410475101518,6264839897.227217,0.1573011262052119,6219592.009341835,0.00015671244379083992,126717249.58554603,3284632.219892876,0.003081441
2025-04-17,130017824.38310388,0.000281215915829988,6285442432.805908,0.1584787488655378,6240208.029928402,0.00015858247819382324,126726838.16804783,3290986.215056041,-0.00015902519
2025-04-18,130684328.50062983,0.005302298981600528,6308188111.323521,0.17494277131257943,6263097.2902189,0.00017604709507408454,127129068.0000925,3555260.500537315,7.9512596e-05
2025-04-21,133573968.38407154,0.022277836150445124,6329941414.18865,0.16645685917133232,6284821.4645451605,0.0001662339668077024,130098689.13559848,3475279.248473061,0.003276348
2025-04-22,131988657.07533944,-0.011703105375616484,6352007501.939933,0.16519751579016526,6306902.545839214,0.00016530976477813745,128505471.82261854,3483185.252720893,-0.00024569035
2025-04-23,133417767.2955484,0.010996926128807274,6374338796.522088,0.16919101290202893,6329261.837328239,0.00016940312890874283,129900947.52057557,3516819.774972824,0.00077438354
2025-04-24,131869900.18144426,-0.011435840881973976,6396460330.298214,0.16580650556924748,6351384.593812253,0.00016581567007494156,128372757.74717592,3497142.434268334,-0.00066548586
2025-04-25,132935476.90309581,0.008244876946571719,6418153443.799048,0.1645039047651221,6373058.972113403,0.00016436183140600488,129497479.24650127,3437997.65659455,0.00069499016
2025-04-28,132898206.07008621,-0.00011502870353487232,6440103560.13025,0.16511857363104235,6395038.40956105,0.00016533914015797016,129423545.6180479,3474660.452038317,-0.0014179945
2025-04-29,132040624.74126188,-0.006289794417975355,6461792650.014045,0.163200772419431,6416717.34368681,0.00016312435484890496,128607954.73942038,3432670.001841504,-0.0017294288
2025-04-30,133909531.51188059,0.014307263023790543,6480662626.230509,0.14291038272077555,6436950.521066962,0.00015323448688462092,127770692.3600426,6138839.151837988,-0.0011946559
2025-05-06,137113633.86999926,0.02409122161839596,6503949401.276827,0.17389930935761677,6458892.363416586,0.000163855717377949,133686601.95390436,3427031.916094892,0.0100700855
2025-05-07,139625065.96135652,0.018479809170072352,6526289666.807432,0.16293248818557796,6481294.0605920805,0.00016338052273294707,136097572.45266023,3527493.5086962976,0.006062746
2025-05-08,144492467.30710623,0.03501618514577381,6548053966.029398,0.15587673368039381,6503029.875536115,0.0001556727282051933,141043678.1692163,3448789.137889928,0.0055511
2025-05-09,142349482.22153535,-0.014686413930140018,6569012111.308818,0.14504662886595449,6523938.776447601,0.0001447058196261935,139020090.72042546,3329391.5011099013,-0.0017493367
2025-05-12,148714092.18139866,0.04483398245974444,6586718680.672812,0.12438801383512063,6541423.005658315,0.00012282608224386486,145846865.21605846,2867226.9653402106,0.011556983
2025-05-13,146499865.97910273,-0.014739120433513195,6608390649.475947,0.1457290864990781,6563734.293132026,0.0001500280649025265,142376312.96008262,4123553.0190201234,0.0014522076
2025-05-14,147693024.42609972,0.008559692658884786,6666985303.430794,0.3999638741185233,6624569.67348397,0.0004152589488417803,139148853.99323532,8544170.432864407,0.012050033
2025-05-15,145094259.81797314,-0.017424771599458103,6694066334.687856,0.1833602593100958,6649817.064152576,0.00017094504474203704,140242617.95269033,4851641.865282805,-0.009132087
2025-05-16,144753327.55337438,-0.002163306434839838,6721340559.338138,0.18797590397096736,6676865.982828788,0.00018642307910834267,140379346.55490518,4373980.998469206,-0.004635036
2025-05-19,144358415.10533544,-0.0025185909963691415,6751496434.379064,0.20832595388735856,6707204.003397322,0.00020958427057469453,139650481.07222065,4707934.033114803,-0.003070116
2025-05-20,144960944.45745248,0.004350759197283909,6777296928.488079,0.1787252519376121,6732743.353505157,0.0001769162545127634,140800837.77680415,4160106.680648334,0.0054215193
2025-05-21,145089853.4326952,0.0010639256107921552,6802672703.770087,0.17505249691206462,6758062.039635326,0.0001746586725474884,141069243.7418545,4020609.6908407127,0.0046714544
2025-05-22,145472435.4692311,0.0028566720232619165,6834143516.07298,0.21690567299036853,6789954.128259789,0.00021980922766082764,140641165.22387016,4831270.24536095,-0.00064086914
2025-05-23,143969263.67475253,-0.010146749030464922,6861455181.400419,0.1877446076938473,6817053.629181563,0.00018628615678539006,139589421.74164432,4379841.933108214,-0.008073866
2025-05-26,144194556.73385206,0.0017442337421329345,6887389522.159603,0.18013803847586055,6842876.6176135745,0.00017936459333673781,140063242.44352382,4131314.290328241,-0.005708039
2025-05-27,142616960.34746942,-0.010765487952037866,6912705878.949932,0.1755708215606002,6868148.240728489,0.00017526059018690892,138600385.031086,4016575.3163834214,-0.0053651333
2025-05-28,142124030.03542563,-0.0033044884432153537,6933026596.806247,0.14248458112419185,6889802.45549756,0.00015183477979276115,135462115.10830042,6661914.927125212,-0.00082302094
2025-05-29,144394249.18182424,0.016151632910822226,6959716801.89767,0.18779516092226115,6915118.470037824,0.0001781262080307828,140506031.3715575,3888217.8102667225,0.005854726
2025-05-30,143160519.17975792,-0.008398308853546347,6980989556.515721,0.1473241125501088,6936180.970799246,0.0001458680029209473,139713871.58351225,3446647.5962456753,-0.0047866106
2025-06-03,143765839.52700987,0.004388813162847395,7002298255.550599,0.14884480132488026,6959165.394523483,0.000160550016554332,136990726.97577605,6775112.5512338355,0.0030674934
2025-06-04,145195195.74835354,0.010103986516383128,7025558704.917425,0.16179399392340363,6982417.277277225,0.0001617344066590555,138460468.30604112,6734727.442312408,0.0043432713
2025-06-05,145892273.55025798,0.004979689895698558,7051220959.205843,0.17674313641130798,7008366.524544835,0.00017871973748073995,138609509.39682636,7282764.153431624,0.0022797585
2025-06-06,145824473.45022932,-0.0002508306112020895,7081793015.683173,0.20955226574626334,7039572.376429225,0.00021389653560810552,137305324.33456874,8519149.115660567,-0.00092321634
2025-06-09,146817870.09292352,0.006950028561023566,7101168782.581541,0.13287047393303933,7059659.989110337,0.00013775199872720494,136895117.02445325,9922753.068470284,0.0029091835
2025-06-10,146047087.91788074,-0.005080823516091516,7126937308.109684,0.17551354962330942,7084486.47720252,0.00016909718194706155,138033236.20942354,8013851.708457205,-0.0050911307
2025-06-11,146452919.48495552,0.0029627019226474475,7155654312.310651,0.19662839300920407,7111348.89829911,0.0001839298645358443,142175096.40634936,4277823.078606166,0.007543683
2025-06-12,147011386.9025035,0.003974351349290908,7179454760.703338,0.16251262505648964,7134936.838913765,0.0001610615937026627,143182167.32057422,3829219.5819292706,-0.0006239414
2025-06-13,145403998.12176383,-0.010767840961948584,7203830185.317127,0.16580637137962043,7159330.385891781,0.0001659296432200449,141562927.3583614,3841070.763402429,-0.0071989894
2025-06-16,145769833.01176614,0.0026718385739759923,7224978029.9654455,0.14544197492154734,7181991.506881532,0.00015584936647185075,138924870.68648997,6844962.325276174,0.0024895668
2025-06-17,144928924.86569953,-0.0055941201617879625,7251879091.687431,0.18454477971319647,7207445.691116553,0.0001746190121035945,141003171.69858727,3925753.1671122615,-0.000882864
2025-06-18,146215110.8781163,0.009045102715286022,7276589009.02543,0.170496796004636,7232156.690525996,0.00017050426222606406,142311904.56752288,3903206.310593431,0.001185894
2025-06-19,145013321.3774092,-0.008036543047265263,7303177163.171227,0.18184272464124035,7258882.15850047,0.00018278184665026023,140862212.87743568,4151108.4999734946,-0.0082271695
2025-06-20,144515736.56354612,-0.0033112797630439673,7321142540.8904,0.12388777491976818,7276287.295914733,0.00012002440361299165,141502513.81080768,3013222.7527384413,0.0009237528
2025-06-23,144566560.800581,0.000523312900127086,7345172342.485428,0.16627809653422482,7301090.008094917,0.00017162637626856652,140032319.58970892,4534241.210872077,0.002927184
2025-06-24,145775868.75096726,0.008546285320043262,7369651262.525571,0.16932629443893246,7327289.134047808,0.00018122535258365073,137827414.8405552,7948453.91041208,0.011957288
2025-06-25,147589563.10955086,0.01260557428883362,7395540505.580956,0.17759621861429523,7351183.318523786,0.0001639104241374611,143655120.5424279,3934442.5671229567,0.014354348
2025-06-26,148307075.67796788,0.005030468779614122,7420460548.326787,0.1688469172263435,7376115.439526257,0.00016892875402012527,144373408.71856782,3933666.9594000694,-0.0035479069
2025-06-27,147461174.070214,-0.0054761336719333946,7453633164.899188,0.22367521185861455,7409867.676374036,0.00022758345610608604,142402018.7969076,5059155.273306388,-0.006147921
2025-06-30,148507815.4825162,0.007301649826269,7483803763.542282,0.20460028772542024,7439936.120103041,0.00020390752968430632,143683038.48111874,4824777.001397472,0.0036514997
2025-07-01,149672340.57452783,0.008015186154552465,7509886228.440406,0.17563025092907938,7465728.814589706,0.00017367903771840283,145452897.0905325,4219443.483995332,0.0016970634
2025-07-02,148891796.69628158,-0.005051526313310811,7534483863.243832,0.164343222729103,7490198.926048909,0.0001634912059587818,144951870.01219007,3939926.6840915196,0.00023329258
2025-07-03,150038523.6025765,0.0078711133221874,7559675351.482507,0.16919325844433342,7515416.224294517,0.0001693666058516819,146072194.20286262,3966329.3997138855,0.006184578
2025-07-04,150569451.67444322,0.0037164180434380656,7586242292.505263,0.1770674649740446,7542094.02875522,0.00017780636479313068,146408073.20329946,4161378.4711437454,0.00356102
2025-07-07,149994851.3474862,-0.0036442405054768383,7612153039.765656,0.1720850210467432,7567983.0610327935,0.00017194080199979956,145902791.87425992,4092059.473226286,-0.004276514
2025-07-08,151367295.47797394,0.009325106824645704,7638385430.760806,0.17488860957219282,7594256.942507215,0.0001751652222618886,147218528.92767638,4148766.550297547,0.008393168
2025-07-09,151232060.81922305,-0.0007071468988866039,7666447396.223957,0.1853898847471605,7622452.687668005,0.0001862736932159367,146843930.6188066,4388130.200416437,-0.0017632246
2025-07-10,151974730.9107073,0.005076564937859844,7691678147.554303,0.1668346724475703,7647521.973618912,0.00016576700611699942,147934600.75512028,4040130.1555870264,0.004664898
2025-07-11,150453364.76062378,-0.009827818059749117,7719313839.873923,0.18184399573543233,7675308.118632662,0.00018283398067061736,146140115.36178872,4313249.398835061,0.0011945963
2025-07-14,151805782.8202167,0.00916954099615736,7746482792.337801,0.18058055735147147,7702478.355222116,0.0001805890923920701,147517135.40681937,4288647.4133973215,0.0007123947
2025-07-15,152546984.14364305,0.005018294193140958,7767483050.228827,0.13833634991294808,7723083.110207661,0.0001357310281779384,149069947.29619545,3477036.847447609,0.00034594536
2025-07-16,151478596.88897422,-0.0068170900100639024,7797244651.001027,0.19509792959377792,7751543.843205487,0.0001865702764141622,150631756.3232668,846840.5657074293,-0.0029509664
2025-07-17,152247020.9913617,0.005283373052533079,7829128122.42109,0.21048169229763802,7783437.677656727,0.000210550104808642,151411348.197752,835672.793609716,0.0068101883
2025-07-18,152749907.56740588,0.0034929285456530386,7858051547.245418,0.18997695085257887,7812339.06722392,0.00018983221726770252,151987206.67763287,762700.8897730173,0.005963564
2025-07-21,153307115.71659353,0.0038224965983383852,7884735158.509196,0.17468823182104823,7839016.920109177,0.0001746505337391774,152582609.43674928,724506.2798442617,0.006667495
2025-07-22,153801022.37431836,0.0033687876367440106,7902079146.646359,0.11313230997852436,7861569.378435293,0.00014710640286134605,142682128.17489114,11118894.19942721,0.008162856
2025-07-23,153461523.8417299,-0.0020228057695495317,7932079532.812433,0.19505973174261065,7889958.3156023575,0.0001845822396288873,145593916.5774851,7867607.264244797,0.00019657612
2025-07-24,154048476.62099645,0.004015401286730571,7963000614.7374115,0.20149077860629236,7919215.136633538,0.00019064596974388033,149538647.9653779,4509828.655618552,0.0071048737
2025-07-25,153193515.81519264,-0.005448640531157338,7980568153.110194,0.11403902692269982,7934821.168957138,0.00010130598280433537,152622305.29026034,571210.5249322872,-0.0052734613
2025-07-28,154038670.3961388,0.005679216453600209,8005381107.317251,0.16197130847881636,7959685.723613497,0.00016230814028939824,153389123.52726364,649546.8688751496,0.0020982027
2025-07-29,155313058.13575748,0.008431599092462643,8029778627.122597,0.15838568161230437,7984090.297511044,0.00015843147590657747,154673807.65638146,639250.4793760227,0.003916979
2025-07-30,154912204.90632513,-0.0024147901103787014,8055543115.47129,0.1658874576159104,8009895.090144489,0.00016614696113245874,154218150.6500746,694054.2562505449,-0.00018793344
2025-07-31,152786118.3551746,-0.013559804064259995,8081050288.159242,0.16465566869554366,8035402.495602755,0.00016465717129060395,152117105.96375445,669012.391420153,-0.018223405
2025-08-01,151588414.26310515,-0.007656798320700375,8108854862.418789,0.18198364196223157,8063254.093223972,0.00018229141443643518,150853206.74596933,735207.5171358408,-0.005069196
2025-08-04,152306901.76908004,0.004923433115009264,8136691487.401909,0.18363293209733822,8091102.005883798,0.00018370739475835794,151576966.81119147,729934.9578885776,0.0038890839
2025-08-05,153176146.11855492,0.005883411280164055,8163529178.409989,0.17620797676503472,8117941.800323965,0.00017622178724940616,152468844.0909327,707302.027622214,0.0080451965
2025-08-06,153750329.25032136,0.003939018125834337,8190706276.762269,0.17742382897690345,8147122.284563963,0.00019050279680893153,149065435.93150336,4684893.3188179955,0.0024467707
2025-08-07,153182572.80528334,-0.0035151253967052056,8219903419.699622,0.1898997100020331,8174427.042502392,0.0001775915412445968,152309754.2422551,872818.5630282504,0.00028681755
2025-08-08,153303211.2360297,0.0009355813783717769,8241136109.418429,0.13861034796560678,8197103.374363718,0.00014803467160817542,149565784.71982417,3737426.5162055395,-0.002357483
2025-08-11,154377122.74332768,0.0071887312395684045,8270673894.011531,0.19267557642758273,8225247.450804356,0.00018358438948357423,153455256.60848886,921866.1348388093,0.0042728186
2025-08-12,156019849.6386538,0.01080187464068422,8293928161.951099,0.15063286273466703,8250082.882741164,0.00016087507977526595,151960490.94127208,4059358.697381737,0.0051715374
2025-08-13,159575470.20439342,0.022929133625876938,8315939537.953614,0.14108061284185172,8271862.297655484,0.0001395938719641187,156001813.09831676,3573657.1060766587,0.0079033375
2025-08-14,158315632.2821694,-0.0076973074508848455,8346392191.251401,0.190835428896316,8303398.764096769,0.00019762728194309032,152605885.35553858,5709746.926630831,-0.0007829666
2025-08-15,159767497.82261723,0.009367146785265465,8379832738.814116,0.2112270726564308,8334498.98963813,0.00019644443882794213,158769495.1642369,998002.6583803301,0.0069584846
2025-08-18,163313326.06859568,0.022374565625364683,8408834981.470325,0.181527801658444,8363399.108492143,0.00018088859904471805,162548471.13346285,764854.9351328174,0.008818865
2025-08-19,164161707.06570312,0.0053848714679215585,8439833295.32558,0.18980884537391704,8394439.381262848,0.00019006576816436285,163343974.57243925,817732.4932638733,-0.003783524
2025-08-20,166729422.88424885,0.015808729330875373,8467329520.7991495,0.1674947584613319,8421911.55621327,0.00016734825338668912,165987263.61222473,742159.2720241211,0.011372447
2025-08-21,166321126.22699517,-0.002252030537977902,8500053442.342091,0.19626962642136372,8454728.461552193,0.00019682731920511417,165425816.26834583,895309.9586493243,0.0039026737
2025-08-22,169663531.7502622,0.02029271817573521,8530547519.902515,0.18334458316982816,8487430.679480458,0.0001966209505077081,164384643.27386355,5278888.476398654,0.020972133
2025-08-25,175042011.17057627,0.031871986316233454,8557752939.974604,0.16034925002111539,8516465.021474581,0.0001711289497195007,166134313.19210118,8907697.978475098,0.020835996
2025-08-26,174820616.74313062,-0.0010579612609106991,8597765655.846632,0.2285892146945024,8552671.782069864,0.00020684611855835853,173561036.07873845,1259580.664392171,-0.0037209988
2025-08-27,172322958.4947336,-0.014094964335854434,8631497480.582228,0.1929510681520986,8586239.672300383,0.000192013338334357,171424814.73072672,898143.7640068932,-0.014926076
2025-08-28,176321920.5298597,0.023389097038688196,8663024998.084444,0.182955990180379,8617756.035401456,0.00018289126055154043,175477601.9312362,844318.5986234955,0.017703533
2025-08-29,178067287.42263266,0.01005842996692982,8689309723.624651,0.14907236412364086,8645910.831912642,0.00015967836799065684,173510981.67856154,4556305.744071113,0.0073883533
2025-09-01,178629617.63822663,0.0033134221743883452,8718818353.654526,0.16571617649140535,8673592.714998012,0.00015545743121064498,177754487.6662533,875129.9719733335,0.005993247
2025-09-02,176305849.26436034,-0.012903546852199998,8736031141.20826,0.0963602104808531,8692405.448478874,0.00010531698902789062,172249640.17161405,4056209.092746279,-0.0073522925
2025-09-03,175213307.35866964,-0.006060937362483922,8761626875.497242,0.14517802101167432,8716368.645138754,0.00013591833033258212,174446136.72077706,767170.6378925708,-0.00681901
2025-09-04,171869051.60680282,-0.018911805158673318,8792250769.88416,0.1747806422272973,8747024.467031669,0.00017496286300995064,171068681.7788048,800369.8279980272,-0.021216035
2025-09-05,176081159.34832302,0.024684705875878628,8822667295.887411,0.1769750034627415,8777453.713591605,0.00017704901653586665,175285777.6535123,795381.6948107169,0.02178824
2025-09-08,176919945.3889801,0.004922805116568699,8848813212.189829,0.14848787002075567,8805480.905105805,0.00015917200691958373,172390040.46211836,4529904.926861718,0.0016254187
2025-09-09,174419403.00081974,-0.013946807230541286,8883623698.290247,0.19675840405604347,8838554.919688156,0.00018694339131539745,173395515.124678,1023887.8761417591,-0.007008195
2025-09-10,174291227.34986338,-0.0005503085815167343,8915884678.081827,0.18496210419564718,8870746.076390142,0.00018456178698097282,173439176.80961344,852050.5402499316,0.0020512342
2025-09-11,178662679.19594815,0.025161575392393637,8929113236.764011,0.07589916534140803,8884736.087501775,8.026801649374476e-05,176301713.8079049,2360965.3880432677,0.023095965
2025-09-12,178127533.21795496,-0.0028259380547105573,8960092402.150793,0.17339472085720442,8914992.401398592,0.00016934881998289432,177242527.12373853,885006.094216424,-0.005723357
2025-09-15,178045513.38148052,-0.000281530341843615,8991963484.23122,0.17892282851876723,8946863.93255443,0.00017892534960802512,177191480.66759515,854032.7138853762,0.002445817
2025-09-16,177473208.30755842,-0.0030344655629843315,9023985796.857044,0.17985464512780466,8978896.027476558,0.00017990958780015457,176631643.09597975,841565.2115786788,-0.0021442175
2025-09-17,179261802.57677656,0.010275253544792546,9058920478.390255,0.19684481881157787,9013883.971026357,0.00019714493180945496,178348701.27557412,913101.30120245,0.0061192513
2025-09-18,176341582.79512838,-0.016095845288758306,9093736041.489374,0.19421629481946065,9048733.512214815,0.00019440583932280926,175395374.85643703,946207.9386913469,-0.011625946
2025-09-19,176735232.23556927,0.002413531532536236,9125720953.992573,0.1813804322055923,9080690.042347314,0.00018121948111141388,175877745.5684057,857486.6671635765,0.000846982
2025-09-22,176985174.84832853,0.0015906369742408023,9156891648.911146,0.1763694455502011,9111869.024632983,0.00017641633697638062,176142292.4292608,842882.4190677265,0.0045958757
2025-09-23,176712923.7774924,-0.0014067933762427457,9180257928.982843,0.13202393981146443,9135138.523799317,0.00013147710923400998,176086872.66831645,626051.1091759522,-0.00062572956
2025-09-24,178971164.33581427,0.012939417227533974,9208492909.769032,0.15977881064171698,9163460.215731837,0.00016026949997262837,178200012.62590975,771151.7099045133,0.010241628
2025-09-25,179527449.41452163,0.0032653331600611037,9234714130.284271,0.14651086733748503,9191575.61462495,0.00015709457441064482,174996056.34776595,4531393.066755677,0.006005168
2025-09-26,177645405.21959156,-0.01031200753492987,9267240878.56548,0.18117980502304742,9222331.398465738,0.00017131521636991936,176686696.8175172,958708.4020743733,-0.009456813
2025-09-29,181433400.6065218,0.02151069496022233,9300531675.88278,0.18740027233549486,9255612.134299232,0.00018734363431665972,180528095.90788776,905304.6986340159,0.015384436
2025-09-30,183847689.14368445,0.013480485466661534,9329949660.513794,0.16214205616314956,9287133.917179767,0.00017373748590479912,178766309.72888598,5081379.414798458,0.0044674873
2025-10-09,187699024.56527975,0.021149796649063704,9366625099.165213,0.19948816774496056,9324139.735373665,0.00020128519627448814,181993891.88371578,5705132.681563985,0.014823198
2025-10-10,183720649.872497,-0.021010875402193905,9403562970.48982,0.19679309154726718,9358793.609901998,0.00018462469162316446,182618164.6580155,1102485.214481494,-0.01967305
2025-10-13,183276770.85713306,-0.0022190358404011934,9439809349.747095,0.1972907198098297,9394989.91857706,0.00019701818331353783,182310623.11574715,966147.7413859116,-0.0049492717
2025-10-14,179193831.09441626,-0.022091399848959272,9473924430.431137,0.18613968657618474,9429089.253262848,0.00018605377280663947,178293274.68422854,900556.4101877287,-0.011954844
2025-10-15,181766574.7750788,0.014549759993018099,9508389046.115328,0.19233148526207652,9463572.807253486,0.00019243717141394608,180862625.30598322,903949.4690955942,0.014811516
2025-10-16,180846077.96249068,-0.004877013341082563,9542398952.72307,0.18710759472596528,9497591.60970067,0.00018715653573425363,179958355.61695647,887722.3455342017,0.0026333332
2025-10-17,175302301.7168869,-0.030517931232199553,9567227244.490107,0.13728963352020318,9522319.68443215,0.0001367354769872819,174639741.51719046,662560.1996964463,-0.022559702
2025-10-20,176797496.84456745,0.008711148970609536,9599016783.11632,0.18134125059894055,9554209.021898152,0.00018191054626026968,175967228.3027535,830268.5418139277,0.00531435
2025-10-21,180803992.6379143,0.02278847168724162,9621571018.33543,0.12757100989353473,9576657.979768915,0.00012697554134773146,180206727.7506656,597264.8872486963,0.015347362
2025-10-22,180340799.0752512,-0.0023831269139218203,9653750970.636742,0.17798253142427237,9608972.681432087,0.00017872781010918636,179506350.16594338,834448.9093077946,-0.003320396
2025-10-23,180133211.4467549,-0.0009984951618993063,9681303740.684053,0.15278167884691904,9636490.894558683,0.00015259005875377916,179395394.5920124,737816.8547425093,0.0029982328
2025-10-24,182816033.58801645,0.015105397080824347,9719315674.395918,0.21102124037299094,9674652.439644461,0.00021185180000556715,181817155.53053144,998878.0574850161,0.011796832
2025-10-27,185337301.65346652,0.013968834246583723,9751830332.654364,0.177854521949201,9707111.245003274,0.00017754900771974673,184482588.20060724,854713.452859268,0.011873841
2025-10-28,184437281.24822146,-0.004676707763693552,9785053411.11721,0.17925737650462528,9740363.252703559,0.0001794134661702247,183557961.32819474,879319.9200267065,-0.005099654
2025-10-29,186998716.29907018,0.014067551099882274,9815957238.882107,0.16755738078412172,9773509.08053755,0.00017971327493915293,181668542.06869137,5330174.230378792,0.0119075775
2025-10-30,185030814.80253944,-0.010331180184002605,9854019075.06034,0.203540628147207,9809493.144805413,0.0001924294721377267,183892168.4571715,1138646.3453679448,-0.00798893
2025-10-31,181012647.16834491,-0.0215466138036756,9885532288.541128,0.1703133259960912,9840873.270670196,0.00016959405328388917,180171556.1808524,841090.9874925097,-0.014700949
2025-11-03,181852687.08338577,0.004819036574415103,9917773765.53551,0.17811726141099862,9873139.922765296,0.00017825634064724417,180993512.5465509,859174.5368348546,0.0027432442
2025-11-04,179551457.0013819,-0.012471614366773317,9950972726.369043,0.18255963860633725,9906373.419903671,0.00018274955224135183,178656443.3520094,895013.6493725199,-0.0074569583
2025-11-05,180511309.90757424,0.005511082725566535,9980678685.469286,0.16544538037368298,9936043.446741957,0.00016524525801011737,179717830.80895817,793479.0986160492,0.0018533468
2025-11-06,185095070.1700762,0.025546479610216544,10008356117.208744,0.15332796462243578,9963711.682207327,0.0001532770189277163,184347651.8551042,747418.3149719946,0.014293551
2025-11-07,185573026.75723666,0.002743295910441928,10038137540.377531,0.1608979814612139,9993525.644087391,0.00016107377604745942,184790344.98159692,782681.7756397468,-0.0031129122
2025-11-10,185284462.37413725,-0.001381238412875319,10070337145.521912,0.17351446870834047,10025769.434236163,0.00017375256906787998,184445654.3798617,838807.9942755285,0.0034753084
2025-11-11,182803240.97431448,-0.013218751434439912,10102312213.487797,0.17257285125894276,10057761.58127138,0.0001726650288172383,181962266.98840672,840973.9859077665,-0.009133041
2025-11-12,181683469.2929413,-0.005952915595140287,10133852751.216288,0.1725381758024879,10089320.998606374,0.00017264145409450748,180836295.51136276,847173.7815785492,-0.0013455749
2025-11-13,184316339.6505376,0.014663314182008455,10165052512.783312,0.17172592359912842,10120532.43292975,0.00017179017136144406,183477031.79058158,839307.8599560182,0.01208806
2025-11-14,179754592.62269443,-0.0245777569087156,10196682221.776619,0.17160556168420446,10152197.270537756,0.0001717961504012186,178876692.37094608,877900.2517483458,-0.015722811
2025-11-17,179643879.08810276,-0.0004474883712159659,10226982753.551832,0.16856610634040473,10182472.715258112,0.00016842654353707706,178846428.3907836,797450.6973191462,-0.006501496
2025-11-18,177109632.3998044,-0.013941323294822108,10256749093.346558,0.16569637632978917,10212246.007253284,0.0001657350762314019,176328050.5935929,781581.8062115111,-0.006494105
2025-11-19,177975570.4411706,0.005070153066547833,10288738375.324846,0.18061853296649932,10244280.911714122,0.00018087612755314736,177134778.57431895,840791.8668516646,0.004400015
2025-11-20,176865855.29851106,-0.006078060293860017,10316744835.121008,0.15736125877691243,10272249.806398101,0.00015715018985273883,176128162.55070692,737692.7478041481,-0.005086899
2025-11-21,171117125.90220934,-0.03231676291998009,10347457564.38758,0.17364985013493164,10305247.288378332,0.00018656784784456046,165842925.20906815,5274200.693141201,-0.024390101
2025-11-24,170749954.7914506,-0.0019997780459758575,10374635650.33638,0.1588273868293637,10330222.127467358,0.00014595172141506976,169907222.65694183,842732.1345087513,-0.0012484789
2025-11-25,174290153.46233472,0.020922915672376835,10406999786.143433,0.18954110908305247,10362610.361746904,0.00018968224219504564,173431612.6171231,858540.8452116195,0.009521008
2025-11-26,177310339.83582872,0.01753453733161455,10442852331.101706,0.2057060840560962,10398521.190671042,0.00020604049173609038,176371141.88781077,939197.9480179437,0.0060640574
2025-11-27,176504332.92137668,-0.004383776753573433,10471645483.46528,0.1623884562526613,10427239.159182576,0.00016196443218215455,175744220.64595008,760112.2754266039,-0.00049358606
2025-11-28,177442882.34346572,0.005499877156291223,10503790691.346672,0.18212135276990912,10459441.885714237,0.0001824472294739914,176599935.494035,842946.8494307045,0.00249362
2025-12-01,181463803.3332493,0.022835327383817966,10534817885.133575,0.174857359039321,10490487.206171984,0.00017495951400098772,180615648.46257928,848154.8706700187,0.011008143
2025-12-02,180339559.97300848,-0.0060019886629034125,10569856739.785282,0.19309004885872239,10525586.876079304,0.00019342518597420492,179404874.26101962,934685.7119888784,-0.004842043
2025-12-03,178819045.718525,-0.008247508499180923,10603032070.898981,0.18396036409684224,10558749.07694686,0.00018388755563404635,177943782.69968465,875263.0188403344,-0.0051116347
2025-12-04,180152413.11317128,0.0076423483640818985,10634012050.6862,0.17324765190830388,10591979.123814229,0.0001858305793649934,174810245.980899,5342167.132272268,0.0034252405
2025-12-05,180860281.30533913,0.004098493075850277,10666659739.218004,0.1812225990628049,10622464.349388432,0.00016921907981910903,179873525.3138403,986755.9914988307,0.008351326
2025-12-08,182620019.03652474,0.009920316685073031,10701135836.816097,0.19062282414505607,10656917.884503175,0.00019049807324238483,181712841.54683936,907177.4896853901,0.0081163645
2025-12-09,181988014.981349,-0.003297292800580072,10729011482.426739,0.15264287977686739,10686770.265667997,0.0001634671889879287,177157218.7644752,4830796.2168737985,-0.0050911307
2025-12-10,181924821.6752586,-0.00018298916915980657,10760826022.625433,0.17481667791120606,10716661.736099903,0.0001642496646549426,180970056.46240208,954765.212856526,-0.0013896227
2025-12-11,179716214.9911795,-0.011974438043975239,10786662661.983904,0.14201822005679968,10746820.914367385,0.00016577824834325096,170146531.13856736,9569683.852612138,-0.008634865
2025-12-12,181000856.9742238,0.00733209430656974,10821862096.307058,0.19586120442655686,10779875.16805818,0.00018392471537649743,175754588.64001858,5246268.33420521,0.0063199997
2025-12-15,179272373.89798838,-0.009378284861580847,10852995323.773758,0.17200596719347722,10810880.64739907,0.00017130017978481666,174312607.29474163,4959766.603246747,-0.0063064694
2025-12-16,176534124.58170122,-0.015114222020031709,10879801826.866673,0.1495294702136779,10839567.502533896,0.00016001827002720383,167842340.74976504,8691783.831936192,-0.011974812
2025-12-17,181575195.381687,0.028741886417490377,10914464949.617764,0.1963536672200092,10872420.460086482,0.00018609975623937327,176536594.90431595,5038600.477371035,0.01830554
2025-12-18,179681589.81860667,-0.010245548831555613,10949720840.49586,0.19416688939248916,10905688.492284467,0.0001832190356620764,178651974.7336518,1029615.0849548858,-0.0059150457
2025-12-19,180578639.73837033,0.005164068587137562,10980646758.649618,0.1721151186661891,10936526.626190016,0.00017162656417210308,179755431.28373608,823208.454634258,0.0033804178
2025-12-22,183640146.244384,0.017110449823680207,11004868524.34769,0.13413416854377633,10964801.874648165,0.00015658135701495616,174738247.51805374,8901898.726330258,0.009509206
2025-12-23,183809525.92658484,0.0011283526602518916,11046484843.616663,0.22661885279480434,11002633.039991213,0.00020600705301499392,182515766.21744925,1293759.709135606,0.0019755363
2025-12-24,185563087.02793238,0.009709853235703803,11075752230.688396,0.1592267153957142,11033835.45871511,0.00016975408954788702,180430466.4331906,5132620.594741761,0.0028847456
2025-12-25,185358442.25963867,-0.0009137792907329307,11110654144.276613,0.1880865108854493,11068916.52095822,0.00018905194349256953,179902605.4173576,5455836.842281073,0.0018299818
2025-12-26,188222055.29191256,0.01562715109273429,11143750175.26008,0.17855151661831634,11101927.87218957,0.00017809467337403154,182968589.30508918,5253465.986823383,0.003166318
2025-12-29,186411429.55977142,-0.009433813241179497,11178599510.35763,0.18515011454689406,11136901.886835843,0.00018581252123738687,180943578.49014324,5467851.069628181,-0.0038371086
2025-12-30,187961700.91906962,0.008489189336428843,11210942475.536192,0.17350312293051556,11169112.447544912,0.0001727928420759226,182790869.34913632,5170831.569933308,0.002567172
2025-12-31,188890405.6503206,0.005100989597516721,11241185085.302725,0.1608977234120392,11199198.397413664,0.000160064256290731,184062979.8258216,4827425.824498968,-0.004588008
2026-01-05,192201539.65867803,0.017709725551762083,11274995198.557377,0.1789932799299626,11233261.632484416,0.00018033332584298025,186901933.4370417,5299606.221636335,0.018965721
2026-01-06,196861865.647316,0.024423291719547786,11308797104.085314,0.1758669862268752,11267129.915876558,0.00017621234175484572,191463371.98065543,5398493.666660576,0.01546061
2026-01-07,196461110.28629816,-0.0018571045637647884,11346089634.39177,0.1894350141599608,11302292.20776953,0.0001786140336390297,195358255.7385064,1102854.547791739,-0.0029264092
2026-01-08,193937092.05397764,-0.01266386814770508,11382176562.91216,0.18368484463822296,11338352.84327262,0.000183551011447205,192922884.17629445,1014207.8776831869,-0.008168876
2026-01-09,194492302.91929546,0.0030504788877920627,11418579874.099276,0.187706801218731,11374742.982825244,0.00018763888417226926,193540828.45014188,951474.4691535737,0.004489541
2026-01-12,194858378.52012032,0.002080270138314805,11457051929.754713,0.19780759998199743,11413263.911895469,0.00019805888712320528,193847678.15046328,1010700.3696570434,0.0065140724
2026-01-13,193614268.88477147,-0.0062015034137328,11492761610.82015,0.1832596644631838,11448958.64765736,0.00018318296617769684,192669153.8579672,945115.02680426,-0.0060313344
2026-01-14,193080045.44763812,-0.002673366115148076,11508451922.297377,0.08103902448721001,11465580.258944986,8.58491028753556e-05,190288952.41131786,2791093.0363202807,-0.00401175
2026-01-15,193924625.91805908,0.004442640767542149,11521292040.766941,0.0665015301803758,11478785.069828598,6.839034480749845e-05,190417352.86452666,3507273.0535324346,0.002003312
2026-01-16,193943416.70020512,0.00027750947892901174,11557547731.036118,0.18695763932784876,11513810.209572585,0.00018061212998697233,192932269.83679727,1011146.8634078586,-0.004116595
2026-01-19,195941606.1509103,0.010480156478535022,11591948362.678339,0.17737457773778134,11548178.113867287,0.00017720583085233923,195030281.8868349,911324.2640754059,0.00054740906
2026-01-20,195318037.22765815,-0.0030204789079050862,11623690263.850262,0.16199673869915973,11579909.548559552,0.0001619433223785384,194459377.35758758,858659.870070573,-0.0032907724
2026-01-21,196557898.46785852,0.006523689864337118,11657984023.57124,0.1755790719983827,11614242.608143475,0.0001757802815922476,195654971.93148,902926.5363785457,0.0008878708
2026-01-22,197672276.47646567,0.005829614651911878,11689481698.862024,0.16024629656861838,11645721.404393561,0.00016015024832611213,196838586.8177347,833689.6587309721,0.00013542175
2026-01-23,197545621.77333215,-0.0005101602447755023,11715349664.175907,0.13086288970301102,11671531.57057452,0.0001305704909207734,196853340.54662955,692281.2267025984,-0.0044900775
2026-01-26,197581917.2760042,0.0002972588602585628,11735747513.263367,0.10325639669637665,11693958.254279884,0.00011352660465994157,192854393.49720204,4727523.778802164,0.0009484291
2026-01-27,197829071.4813889,0.0014372234621570406,11774354101.032675,0.19539534944069883,11730773.416102227,0.0001863285989421581,196721214.75833863,1107856.7230502535,-0.00026983023
2026-01-28,201350597.23508102,0.01784519112704182,11783529149.896023,0.046378668183817286,11739545.25348071,4.434048703154577e-05,201057935.31913668,292661.9159443453,0.002613902
2026-01-29,201789345.95035827,0.002356727537806146,11818983071.711035,0.17608053962521297,11775325.035461085,0.0001776989116083981,200880743.48566896,908602.4646893032,0.0076048374
2026-01-30,196171881.35148594,-0.027796877725148106,11827635105.835213,0.04287656557599626,11783675.8587137,4.138386599790533e-05,195874051.4531734,297829.8983125277,-0.009998143
2026-02-02,187635395.31757894,-0.04343842414233977,11842669103.992426,0.07663686586293389,11798764.505674096,7.691544199120783e-05,187243356.45986483,392038.85771411937,-0.021324456
2026-02-03,193941971.45161077,0.03378388427856493,11874899511.794735,0.17177147066393328,11831240.853614135,0.00017308220490633777,193090528.66637293,851442.7852378394,0.011752129
2026-02-04,196078602.4257057,0.011144887996716616,11898121308.796358,0.11973579946523889,11856071.42920982,0.00012803095384580812,192034433.02794155,4044169.3977641487,0.008276701
2026-02-05,191631547.8297623,-0.022511784006753674,11932611874.096859,0.17590172958096928,11889046.878999598,0.0001681746472171629,190650584.9032371,980962.9265251993,-0.006014526
2026-02-06,192134235.24567667,0.002766757168993795,11960233949.717484,0.1441415880289339,11916557.421848614,0.00014355957127400908,191403848.40522158,730386.8404550971,-0.0057424903
2026-02-09,195636680.17645168,0.018434418961019813,11999491265.091461,0.20432233393377516,11955995.48034754,0.00020526304668451264,194584245.1446037,1052435.0318479706,0.016250253
2026-02-10,195773880.7642367,0.0008399314869902218,12026761913.061993,0.13939435051716834,11983116.300252972,0.00013862850198117607,195048222.68249857,725658.0817381041,0.0011103153
2026-02-11,195849611.67415392,0.0005575503346119554,12060097169.085058,0.17027427710446214,12016539.183064118,0.0001707218689269168,194982122.89906466,867488.7750892611,-0.002218306
2026-02-12,195940105.9440268,0.0005727642383134825,12080419622.799776,0.10376560638031532,12038220.566845782,0.00011070424697975208,192376438.41882628,3563667.52520052,0.0012220144
2026-02-13,192251710.8496987,-0.018696996751241396,12104751565.574749,0.12418051249764914,12063124.136900524,0.00012709786970236533,187569692.3350131,4682018.514685599,-0.012537181
2026-02-24,194223190.22514352,0.010322321981681714,12118539601.172916,0.07171866267003901,12076128.822375456,6.764405589659061e-05,191120876.64240104,3102313.582742485,0.010112882
2026-02-25,197157559.00292253,0.01530149909294804,12157077274.156446,0.1984195241508348,12113666.013655951,0.00019326832824124792,196093746.01753357,1063812.9853889616,0.006022215
2026-02-26,198020803.4692842,0.004552007797362505,12189041369.774014,0.16212462651301768,12147884.293184541,0.0001735580400855069,192482840.9413757,5537962.527908502,-0.0019046664
2026-02-27,198500418.40693662,0.0026067185518454774,12227795585.445782,0.19570779934634247,12184453.857586863,0.0001846753662323858,197368327.98232916,1132090.4246074436,-0.0034313798
2026-03-02,200749057.9692867,0.01148762017487599,12259584257.164227,0.16014410434781212,12216111.706449619,0.0001594850485294985,199910271.1049203,838786.8643664015,0.003825307
2026-03-03,195639205.2586727,-0.025315012825383378,12283479815.110567,0.11903198046387059,12243999.43988749,0.00013891837760024857,186843955.14468113,8795250.113991603,-0.015389085
2026-03-04,194657933.15284935,-0.0048367288010086815,12322271183.814457,0.19828013844464448,12279017.767029786,0.00017899442545779812,193443784.48917997,1214148.6636693724,-0.011443555
2026-03-05,196794612.2007883,0.011110290479436341,12348536043.889996,0.13492827982980243,12305044.900545701,0.000133707026959327,196081943.78988075,712668.4109075381,0.009792328
2026-03-06,195467414.5789156,-0.006592750724150379,12378267527.843443,0.15107874967182788,12334824.700322755,0.00015132426362704054,194687894.32056713,779520.2583484538,0.0027433634
2026-03-09,192278445.67085192,-0.016156236590540874,12409186222.141478,0.15817825372398292,12365775.812708136,0.00015834410278591572,191465040.350205,813405.3206469254,-0.009651482
2026-03-10,195720580.30319571,0.01804867778346387,12435536367.85371,0.1370415993342258,12394012.890982807,0.0001468551411269887,191161546.9359441,4559033.367251591,0.012848139
2026-03-11,196148056.28230047,0.002467559824788882,12492473403.473335,0.29090980382043874,12449489.152718581,0.00028344623569905063,194566046.94448432,1582009.337816163,0.006361842
2026-03-12,195080630.67142335,-0.005278160936646219,12522699108.72255,0.1540963791438886,12481613.755127385,0.00016377731708220236,189732951.61683986,5347679.05458349,-0.0036008358
2026-03-13,193573833.235845,-0.007566021783148611,12555676417.702623,0.16904450670768031,12512426.889575373,0.00015795076293292825,192585316.37988597,988516.8559590261,-0.0039295554
2026-03-16,191863391.2440776,-0.008657386907636292,12590290472.432629,0.17881577355464393,12547025.311825804,0.00017873501636079744,190940737.76951766,922653.4745599339,0.000518322
2026-03-17,188074274.80716172,-0.01959431340765754,12618019908.076319,0.1445269754896301,12576710.329249205,0.000154719549315362,183270142.7906029,4804132.016558822,-0.0073037744
2026-03-18,189412852.1594388,0.007331769674467387,12660143575.86281,0.22397357549128966,12617050.241550729,0.00021448926145207977,188216571.02512503,1196281.1343137668,0.0045046806
2026-03-19,183016230.8765339,-0.033608930298943546,12690965481.24933,0.1627234109783425,12647708.178504946,0.00016185774410075736,182178544.543779,837686.3327549146,-0.016117394
2026-03-20,181697761.058199,-0.007014451171141681,12725626623.913574,0.18938835368993442,12682419.581830014,0.00018966297775242013,180794264.80711973,903496.2510792566,-0.0035411716
2026-03-23,175117037.7592193,-0.03602528046454541,12760615365.262966,0.1925656163599331,12717430.078908138,0.00019268535217068712,174205040.54775876,911997.2114605438,-0.03262955
2026-03-24,179458600.93663692,0.02494387810562221,12787233629.874212,0.15200271173982186,12743964.94557411,0.00015152647055654886,178739934.48239312,718666.4542438183,0.012838483
2026-03-25,184036310.94109887,0.025704804723982812,12822331425.562056,0.19557600195621508,12779203.234227577,0.00019635887313034804,183071896.844255,964414.0968438685,0.014023185
2026-03-26,181164065.99615335,-0.01541123305692703,12858340889.537973,0.19566499562927397,12815221.700322727,0.00019571391053734656,180217666.12694457,946399.8692087708,-0.013209939
2026-03-27,182748727.00479385,0.008926117966733099,12888600613.032244,0.1670293903367836,12847652.516096914,0.00017901351239751954,177492573.39153448,5256153.613259366,0.005592346
2026-03-30,183396225.27210194,0.0037638598551113104,12930942692.823898,0.23169562100721977,12887994.845934868,0.00022075300057710067,182179913.89609113,1216311.3760108128,-0.002358675
2026-03-31,180501492.38333207,-0.015593955525976873,12965917956.203955,0.19070874184113748,12922855.15417954,0.0001900819288562238,179549951.58633366,951540.7969984068,-0.009327769
2026-04-01,184780588.47271368,0.023880318328999967,12995181495.750765,0.1621235323897655,12954192.161771467,0.00017361079500316173,179713448.59306824,5067139.879645437,0.01708293
2026-04-02,182117428.7567589,-0.014210874350739146,13034389323.769209,0.21218585968641307,12991458.152484875,0.0002016769782011558,180971229.47789297,1146199.2788659194,-0.010419548
2026-04-03,179952982.387651,-0.01168945129752328,13070059813.19843,0.1958653253163523,13027051.707710478,0.00019544288247745373,178996245.07124147,956737.3164095376,-0.008511066
2026-04-07,181036767.54577845,0.006150514220142903,13093235778.500177,0.12878900362886506,13050069.926715394,0.0001279124063380659,180418541.04203779,618226.503740665,-3.8325787e-05
2026-04-08,189326902.8804807,0.045986824239533174,13125906275.550755,0.18046332517683641,13085240.602034079,0.00019427365940894234,183743490.5158462,5583412.3646345185,0.034891605
2026-04-09,188005457.3873871,-0.0068172914631082025,13156938390.067207,0.16390758019235602,13115989.416383872,0.00016241122567353344,183019394.17041913,4986063.216967976,-0.0063844323
2026-04-10,189423754.27895352,0.007751046046393302,13197762076.501078,0.21714096495482418,13154931.482000317,0.00020713263411394013,188239874.7624566,1183879.5164969238,0.015406609
2026-04-13,190161693.21045437,0.004093619789793169,13235329460.37099,0.19832456606572038,13192421.379672708,0.00019791550333851654,189170275.9866725,991417.2237818958,0.0020662546
2026-04-14,191564502.50340244,0.007563678002587056,13270853674.064934,0.18681056680867855,13227933.902595263,0.00018674908875181723,190631979.3453118,932523.1580906454,0.011865735
2026-04-15,189700837.44367594,-0.009558990504893682,13303367295.903328,0.1697267573767571,13260435.701817064,0.00016966504126318164,188824461.3179965,876376.1256794333,-0.0034096837
2026-04-16,191680418.37093148,0.010626877780116452,13339654839.112494,0.1912882604956328,13296782.388861205,0.00019160003473855778,190722101.26234183,958317.1085896548,0.010962009
2026-04-17,190455655.35952315,-0.006229208276774367,13370453649.16008,0.1606779154038883,13327528.151657755,0.00016040116699375773,189634178.51580822,821476.8437149362,-0.001676321
2026-04-20,191836637.41788626,0.007451057585670344,13408425840.412552,0.19937549862088272,13365642.148895036,0.0002001200603118562,190769662.60178703,1066974.8160992274,0.0060842037
2026-04-21,192332971.60651717,0.0027657299622801624,13442725677.858942,0.17879711565040257,13399876.296233851,0.00017845468832025695,191431611.15290326,901360.4536139164,0.002219677
2026-04-22,192673095.37848446,0.001958232005720079,13479185263.233015,0.18956492518954873,13436385.105021693,0.00018982085329879162,191709796.90611708,963298.4723673798,0.0066337585
2026-04-23,192632132.60185403,-4.958599561674017e-05,13510643588.529331,0.16327305706341527,13467793.994389223,0.00016301647775902972,191799114.87642306,833017.7254309803,-0.00277102
2026-04-24,192869707.19359004,0.0014066393516592275,13543992310.768908,0.17312128453929274,13501183.34076501,0.00017333217425775552,191988830.5421087,880876.6514813309,-0.0035434961
2026-04-27,193524392.00358582,0.0035907136594769346,13581775834.232489,0.1959018034162122,13539038.42288858,0.00019627282414844794,192538253.11425123,986138.8893345799,0.00033128262
2026-04-28,192365636.35494164,-0.005796308921075341,13618787467.46238,0.1912504818989693,13576066.911716694,0.00019133757995440286,191382814.75798708,982821.5969545655,-0.0026703477
2026-04-29,195571726.1593986,0.01685264953119961,13654569745.833591,0.18601180049220783,13611847.758595766,0.0001860043589752787,194627548.3935994,944177.7657992085,0.010957837
2026-04-30,194016571.1786597,-0.007760593535290414,13691932668.973412,0.19104460482885885,13649250.065616429,0.00019124598302199374,193031027.95820448,985543.2204552228,-0.00063198805
